[
  {
    "id": "9767d317-2718-4522-9108-5392f461c5f4",
    "assets": "ASSET",
    "name": "Accumulated-Data-Model",
    "description": "Lumber assembly Manufacturing",
    "image": "",
    "dynamicAttributes": [
      {
        "id": "02c5d59b-34a3-49c8-96e6-c86e23463e43",
        "modelId": "9767d317-2718-4522-9108-5392f461c5f4",
        "parentId": "00000000-0000-0000-0000-000000000000",
        "instanceId": "00000000-0000-0000-0000-000000000000",
        "topic": "",
        "name": "Trimmer-BoardFeet_Size02X04_Count",
        "unit": "",
        "dataType": "",
        "schemaId": "5be6c3ee-a089-4e02-8d84-2a4460e81f44",
        "skipParentKey": false
      },
      {
        "id": "1b72c7f7-4515-42e7-b68f-252c425c3926",
        "modelId": "9767d317-2718-4522-9108-5392f461c5f4",
        "parentId": "00000000-0000-0000-0000-000000000000",
        "instanceId": "00000000-0000-0000-0000-000000000000",
        "topic": "",
        "name": "Trimmer-LugCount",
        "unit": "",
        "dataType": "",
        "schemaId": "5be6c3ee-a089-4e02-8d84-2a4460e81f44",
        "skipParentKey": false
      },
      {
        "id": "619741b8-fa8a-484c-84d3-f51a65df6176",
        "modelId": "9767d317-2718-4522-9108-5392f461c5f4",
        "parentId": "00000000-0000-0000-0000-000000000000",
        "instanceId": "00000000-0000-0000-0000-000000000000",
        "topic": "",
        "name": "Gang-EnergyConsumption",
        "unit": "",
        "dataType": "",
        "schemaId": "5be6c3ee-a089-4e02-8d84-2a4460e81f44",
        "skipParentKey": false
      },
      {
        "id": "62cab9e4-1176-4f93-a06f-16a58a6f4f73",
        "modelId": "9767d317-2718-4522-9108-5392f461c5f4",
        "parentId": "00000000-0000-0000-0000-000000000000",
        "instanceId": "00000000-0000-0000-0000-000000000000",
        "topic": "",
        "name": "SharpChain-LogCount",
        "unit": "",
        "dataType": "",
        "schemaId": "5be6c3ee-a089-4e02-8d84-2a4460e81f44",
        "skipParentKey": false
      },
      {
        "id": "6ede8efe-279d-4e6a-bf14-a030d378dbbd",
        "modelId": "9767d317-2718-4522-9108-5392f461c5f4",
        "parentId": "00000000-0000-0000-0000-000000000000",
        "instanceId": "00000000-0000-0000-0000-000000000000",
        "topic": "",
        "name": "Trimmer-BoardFeet_Size02X08_Count",
        "unit": "",
        "dataType": "",
        "schemaId": "5be6c3ee-a089-4e02-8d84-2a4460e81f44",
        "skipParentKey": false
      },
      {
        "id": "9f3d40f0-3b10-4259-bc0a-f9fea0678279",
        "modelId": "9767d317-2718-4522-9108-5392f461c5f4",
        "parentId": "00000000-0000-0000-0000-000000000000",
        "instanceId": "00000000-0000-0000-0000-000000000000",
        "topic": "",
        "name": "Trimmer-Uptime",
        "unit": "",
        "dataType": "",
        "schemaId": "5be6c3ee-a089-4e02-8d84-2a4460e81f44",
        "skipParentKey": false
      },
      {
        "id": "b079e707-043f-489e-a245-f36fd6178d96",
        "modelId": "9767d317-2718-4522-9108-5392f461c5f4",
        "parentId": "00000000-0000-0000-0000-000000000000",
        "instanceId": "00000000-0000-0000-0000-000000000000",
        "topic": "",
        "name": "SharpChain-EnergyConsumption",
        "unit": "",
        "dataType": "",
        "schemaId": "5be6c3ee-a089-4e02-8d84-2a4460e81f44",
        "skipParentKey": false
      },
      {
        "id": "b3f41381-6e8b-4c08-9265-174a1aab3933",
        "modelId": "9767d317-2718-4522-9108-5392f461c5f4",
        "parentId": "00000000-0000-0000-0000-000000000000",
        "instanceId": "00000000-0000-0000-0000-000000000000",
        "topic": "",
        "name": "Trimmer-BoardFeet_Size02X10_Count",
        "unit": "",
        "dataType": "",
        "schemaId": "5be6c3ee-a089-4e02-8d84-2a4460e81f44",
        "skipParentKey": false
      },
      {
        "id": "b62ea3f3-7f4b-4b17-9a6e-2f68d9892bcf",
        "modelId": "9767d317-2718-4522-9108-5392f461c5f4",
        "parentId": "00000000-0000-0000-0000-000000000000",
        "instanceId": "00000000-0000-0000-0000-000000000000",
        "topic": "",
        "name": "Trimmer-BoardFeet_Size02X06_Count",
        "unit": "",
        "dataType": "",
        "schemaId": "5be6c3ee-a089-4e02-8d84-2a4460e81f44",
        "skipParentKey": false
      },
      {
        "id": "bac0d565-05e1-4f85-bdce-d06e51fdd978",
        "modelId": "9767d317-2718-4522-9108-5392f461c5f4",
        "parentId": "00000000-0000-0000-0000-000000000000",
        "instanceId": "00000000-0000-0000-0000-000000000000",
        "topic": "",
        "name": "SharpChain-UpTime",
        "unit": "",
        "dataType": "",
        "schemaId": "5be6c3ee-a089-4e02-8d84-2a4460e81f44",
        "skipParentKey": false
      },
      {
        "id": "d79ec7ac-9965-44b5-a6e6-17342aa8c711",
        "modelId": "9767d317-2718-4522-9108-5392f461c5f4",
        "parentId": "00000000-0000-0000-0000-000000000000",
        "instanceId": "00000000-0000-0000-0000-000000000000",
        "topic": "",
        "name": "Gang-Uptime",
        "unit": "",
        "dataType": "",
        "schemaId": "5be6c3ee-a089-4e02-8d84-2a4460e81f44",
        "skipParentKey": false
      },
      {
        "id": "f82f144a-eafc-4a6f-88a3-9276a7282e0b",
        "modelId": "9767d317-2718-4522-9108-5392f461c5f4",
        "parentId": "00000000-0000-0000-0000-000000000000",
        "instanceId": "00000000-0000-0000-0000-000000000000",
        "topic": "",
        "name": "Gang-CantCount",
        "unit": "",
        "dataType": "",
        "schemaId": "5be6c3ee-a089-4e02-8d84-2a4460e81f44",
        "skipParentKey": false
      },
      {
        "id": "feee2910-22f8-4a89-a86f-991b7fa974d3",
        "modelId": "9767d317-2718-4522-9108-5392f461c5f4",
        "parentId": "00000000-0000-0000-0000-000000000000",
        "instanceId": "00000000-0000-0000-0000-000000000000",
        "topic": "",
        "name": "Trimmer-BoardFeet_Size02X12_Count",
        "unit": "",
        "dataType": "",
        "schemaId": "5be6c3ee-a089-4e02-8d84-2a4460e81f44",
        "skipParentKey": false
      }
    ],
    "staticAttributes": [
      {
        "id": "6cfd05f8-6355-47a2-8bfd-c39d90a03c37",
        "parentId": "00000000-0000-0000-0000-000000000000",
        "modelId": "9767d317-2718-4522-9108-5392f461c5f4",
        "instanceId": "00000000-0000-0000-0000-000000000000",
        "key": "Site",
        "value": "USA",
        "type": 0
      },
      {
        "id": "accbf743-bb33-4d0d-ba1d-602cf1f5fbd1",
        "parentId": "00000000-0000-0000-0000-000000000000",
        "modelId": "9767d317-2718-4522-9108-5392f461c5f4",
        "instanceId": "00000000-0000-0000-0000-000000000000",
        "key": "Line",
        "value": "1",
        "type": 0
      },
      {
        "id": "ca8ce42e-b8c1-4d6d-8728-4a5fa256855e",
        "parentId": "00000000-0000-0000-0000-000000000000",
        "modelId": "9767d317-2718-4522-9108-5392f461c5f4",
        "instanceId": "00000000-0000-0000-0000-000000000000",
        "key": "Plant",
        "value": "A",
        "type": 0
      },
      {
        "id": "d1fc9661-c8f7-4ae4-9e81-681046d4b3b8",
        "parentId": "00000000-0000-0000-0000-000000000000",
        "modelId": "9767d317-2718-4522-9108-5392f461c5f4",
        "instanceId": "00000000-0000-0000-0000-000000000000",
        "key": "Type",
        "value": "Accumulated",
        "type": 0
      }
    ],
    "hierarchyNodes": [
      {
        "id": "1e3dbd4a-a44f-4a49-8f79-cef41e75ffb3",
        "modelId": "9767d317-2718-4522-9108-5392f461c5f4",
        "position": 2,
        "parentId": null,
        "name": "SharpChain-UpTime",
        "isFolder": false,
        "attributeId": "bac0d565-05e1-4f85-bdce-d06e51fdd978",
        "attributeType": "dynamic",
        "nodeType": "attribute"
      },
      {
        "id": "2cd0ae92-8e40-41ff-9606-d72c541d50e2",
        "modelId": "9767d317-2718-4522-9108-5392f461c5f4",
        "position": 11,
        "parentId": null,
        "name": "Trimmer-BoardFeet_Size02X10_Count",
        "isFolder": false,
        "attributeId": "b3f41381-6e8b-4c08-9265-174a1aab3933",
        "attributeType": "dynamic",
        "nodeType": "attribute"
      },
      {
        "id": "35f009c7-0a8a-48ec-911f-289421e5a55b",
        "modelId": "9767d317-2718-4522-9108-5392f461c5f4",
        "position": 14,
        "parentId": null,
        "name": "Line",
        "isFolder": false,
        "attributeId": "accbf743-bb33-4d0d-ba1d-602cf1f5fbd1",
        "attributeType": "static",
        "nodeType": "attribute"
      },
      {
        "id": "5269b1f3-1398-49a7-b286-29e564a928d5",
        "modelId": "9767d317-2718-4522-9108-5392f461c5f4",
        "position": 9,
        "parentId": null,
        "name": "Trimmer-BoardFeet_Size02X06_Count",
        "isFolder": false,
        "attributeId": "b62ea3f3-7f4b-4b17-9a6e-2f68d9892bcf",
        "attributeType": "dynamic",
        "nodeType": "attribute"
      },
      {
        "id": "5a0ee1f2-70a9-4c5f-bd97-35ac02c448e3",
        "modelId": "9767d317-2718-4522-9108-5392f461c5f4",
        "position": 7,
        "parentId": null,
        "name": "Trimmer-Uptime",
        "isFolder": false,
        "attributeId": "9f3d40f0-3b10-4259-bc0a-f9fea0678279",
        "attributeType": "dynamic",
        "nodeType": "attribute"
      },
      {
        "id": "66a53c36-edcd-478d-8c66-5b32f9040250",
        "modelId": "9767d317-2718-4522-9108-5392f461c5f4",
        "position": 10,
        "parentId": null,
        "name": "Trimmer-BoardFeet_Size02X08_Count",
        "isFolder": false,
        "attributeId": "6ede8efe-279d-4e6a-bf14-a030d378dbbd",
        "attributeType": "dynamic",
        "nodeType": "attribute"
      },
      {
        "id": "6c0990e4-502d-40a3-94f0-1bbd3952ce89",
        "modelId": "9767d317-2718-4522-9108-5392f461c5f4",
        "position": 4,
        "parentId": null,
        "name": "Gang-Uptime",
        "isFolder": false,
        "attributeId": "d79ec7ac-9965-44b5-a6e6-17342aa8c711",
        "attributeType": "dynamic",
        "nodeType": "attribute"
      },
      {
        "id": "7910790a-12c0-483c-8696-37319d10cdba",
        "modelId": "9767d317-2718-4522-9108-5392f461c5f4",
        "position": 12,
        "parentId": null,
        "name": "Trimmer-BoardFeet_Size02X12_Count",
        "isFolder": false,
        "attributeId": "feee2910-22f8-4a89-a86f-991b7fa974d3",
        "attributeType": "dynamic",
        "nodeType": "attribute"
      },
      {
        "id": "9516d3fe-9267-4a95-b3aa-008555cce496",
        "modelId": "9767d317-2718-4522-9108-5392f461c5f4",
        "position": 16,
        "parentId": null,
        "name": "Site",
        "isFolder": false,
        "attributeId": "6cfd05f8-6355-47a2-8bfd-c39d90a03c37",
        "attributeType": "static",
        "nodeType": "attribute"
      },
      {
        "id": "aff63ca9-5b48-49f7-a5bd-41a38c92ea7a",
        "modelId": "9767d317-2718-4522-9108-5392f461c5f4",
        "position": 5,
        "parentId": null,
        "name": "Gang-CantCount",
        "isFolder": false,
        "attributeId": "f82f144a-eafc-4a6f-88a3-9276a7282e0b",
        "attributeType": "dynamic",
        "nodeType": "attribute"
      },
      {
        "id": "ba89dc20-fff1-4b88-8ef4-48bee0c0de6f",
        "modelId": "9767d317-2718-4522-9108-5392f461c5f4",
        "position": 1,
        "parentId": null,
        "name": "SharpChain-EnergyConsumption",
        "isFolder": false,
        "attributeId": "b079e707-043f-489e-a245-f36fd6178d96",
        "attributeType": "dynamic",
        "nodeType": "attribute"
      },
      {
        "id": "c43508b5-9334-4097-8c7e-31ba1ce110ea",
        "modelId": "9767d317-2718-4522-9108-5392f461c5f4",
        "position": 8,
        "parentId": null,
        "name": "Trimmer-BoardFeet_Size02X04_Count",
        "isFolder": false,
        "attributeId": "02c5d59b-34a3-49c8-96e6-c86e23463e43",
        "attributeType": "dynamic",
        "nodeType": "attribute"
      },
      {
        "id": "ccaf9482-02d2-4efb-b870-a32ecaead18c",
        "modelId": "9767d317-2718-4522-9108-5392f461c5f4",
        "position": 13,
        "parentId": null,
        "name": "Type",
        "isFolder": false,
        "attributeId": "d1fc9661-c8f7-4ae4-9e81-681046d4b3b8",
        "attributeType": "static",
        "nodeType": "attribute"
      },
      {
        "id": "cd56fced-b241-456a-ad87-4402eaf0e8e1",
        "modelId": "9767d317-2718-4522-9108-5392f461c5f4",
        "position": 15,
        "parentId": null,
        "name": "Plant",
        "isFolder": false,
        "attributeId": "ca8ce42e-b8c1-4d6d-8728-4a5fa256855e",
        "attributeType": "static",
        "nodeType": "attribute"
      },
      {
        "id": "e1c638fe-88e9-4e37-b83c-93382dbac121",
        "modelId": "9767d317-2718-4522-9108-5392f461c5f4",
        "position": 6,
        "parentId": null,
        "name": "Trimmer-LugCount",
        "isFolder": false,
        "attributeId": "1b72c7f7-4515-42e7-b68f-252c425c3926",
        "attributeType": "dynamic",
        "nodeType": "attribute"
      },
      {
        "id": "f64a8d58-9c9e-4554-86aa-f869b62ce974",
        "modelId": "9767d317-2718-4522-9108-5392f461c5f4",
        "position": 0,
        "parentId": null,
        "name": "SharpChain-LogCount",
        "isFolder": false,
        "attributeId": "62cab9e4-1176-4f93-a06f-16a58a6f4f73",
        "attributeType": "dynamic",
        "nodeType": "attribute"
      },
      {
        "id": "f9e29dea-21c0-46a6-b092-5f5b215f6d4f",
        "modelId": "9767d317-2718-4522-9108-5392f461c5f4",
        "position": 3,
        "parentId": null,
        "name": "Gang-EnergyConsumption",
        "isFolder": false,
        "attributeId": "619741b8-fa8a-484c-84d3-f51a65df6176",
        "attributeType": "dynamic",
        "nodeType": "attribute"
      }
    ],
    "transformationBackup": [
      {
        "ID": "5be6c3ee-a089-4e02-8d84-2a4460e81f44",
        "ModelID": "9767d317-2718-4522-9108-5392f461c5f4",
        "Name": "Simple schema",
        "Schema": "{\n\t\"value\": \"$value\",\n  \t\"timestamp\": \"$timestamp\"\n}"
      }
    ],
    "isUNS": false,
    "connectorName": ""
  }
]