[
  {
    "id": "3b9b479a-6c7c-47c9-9e9b-087e97be320e",
    "assets": "ASSET",
    "name": "EventData-Model",
    "description": "Lumber assembly Manufacturing",
    "image": "",
    "dynamicAttributes": [
      {
        "id": "023eea70-3061-4d82-98fd-b6a16bcb81fa",
        "modelId": "3b9b479a-6c7c-47c9-9e9b-087e97be320e",
        "parentId": "00000000-0000-0000-0000-000000000000",
        "instanceId": "00000000-0000-0000-0000-000000000000",
        "topic": "",
        "name": "Gang-ProcessID",
        "unit": "",
        "dataType": "",
        "schemaId": "40d2ca36-35e6-46c4-bbbf-06352b84a7eb",
        "skipParentKey": false
      },
      {
        "id": "04fb07f6-6666-49a4-942a-0c453fb0cd76",
        "modelId": "3b9b479a-6c7c-47c9-9e9b-087e97be320e",
        "parentId": "00000000-0000-0000-0000-000000000000",
        "instanceId": "00000000-0000-0000-0000-000000000000",
        "topic": "",
        "name": "SharpChain-BandMillRightMotor_Amps",
        "unit": "",
        "dataType": "",
        "schemaId": "40d2ca36-35e6-46c4-bbbf-06352b84a7eb",
        "skipParentKey": false
      },
      {
        "id": "107950b4-7dd1-4866-a5d9-303afacec664",
        "modelId": "3b9b479a-6c7c-47c9-9e9b-087e97be320e",
        "parentId": "00000000-0000-0000-0000-000000000000",
        "instanceId": "00000000-0000-0000-0000-000000000000",
        "topic": "",
        "name": "Trimmer-ProcessID",
        "unit": "",
        "dataType": "",
        "schemaId": "40d2ca36-35e6-46c4-bbbf-06352b84a7eb",
        "skipParentKey": false
      },
      {
        "id": "1ae7576a-f770-4344-8343-5ab330258a51",
        "modelId": "3b9b479a-6c7c-47c9-9e9b-087e97be320e",
        "parentId": "00000000-0000-0000-0000-000000000000",
        "instanceId": "00000000-0000-0000-0000-000000000000",
        "topic": "",
        "name": "Gang-FPM_CutSpeed",
        "unit": "",
        "dataType": "",
        "schemaId": "40d2ca36-35e6-46c4-bbbf-06352b84a7eb",
        "skipParentKey": false
      },
      {
        "id": "2811f745-1459-4c59-8479-1899392a0572",
        "modelId": "3b9b479a-6c7c-47c9-9e9b-087e97be320e",
        "parentId": "00000000-0000-0000-0000-000000000000",
        "instanceId": "00000000-0000-0000-0000-000000000000",
        "topic": "",
        "name": "SharpChain-LogGap",
        "unit": "",
        "dataType": "",
        "schemaId": "40d2ca36-35e6-46c4-bbbf-06352b84a7eb",
        "skipParentKey": false
      },
      {
        "id": "45cc0b5f-edcf-4a62-a59d-f9076f9e25e6",
        "modelId": "3b9b479a-6c7c-47c9-9e9b-087e97be320e",
        "parentId": "00000000-0000-0000-0000-000000000000",
        "instanceId": "00000000-0000-0000-0000-000000000000",
        "topic": "",
        "name": "Gang-ProcessStopTime",
        "unit": "",
        "dataType": "",
        "schemaId": "40d2ca36-35e6-46c4-bbbf-06352b84a7eb",
        "skipParentKey": false
      },
      {
        "id": "4aaebc0b-3e5d-43a4-ba9f-08c8026e76d6",
        "modelId": "3b9b479a-6c7c-47c9-9e9b-087e97be320e",
        "parentId": "00000000-0000-0000-0000-000000000000",
        "instanceId": "00000000-0000-0000-0000-000000000000",
        "topic": "",
        "name": "Gang-Cant_Length",
        "unit": "",
        "dataType": "",
        "schemaId": "40d2ca36-35e6-46c4-bbbf-06352b84a7eb",
        "skipParentKey": false
      },
      {
        "id": "55d07d3f-8cc8-421a-9bdd-5151706e34be",
        "modelId": "3b9b479a-6c7c-47c9-9e9b-087e97be320e",
        "parentId": "00000000-0000-0000-0000-000000000000",
        "instanceId": "00000000-0000-0000-0000-000000000000",
        "topic": "",
        "name": "Gang-MachineStatus",
        "unit": "",
        "dataType": "",
        "schemaId": "40d2ca36-35e6-46c4-bbbf-06352b84a7eb",
        "skipParentKey": false
      },
      {
        "id": "5d4fe49c-c683-4673-8d52-90e02d530396",
        "modelId": "3b9b479a-6c7c-47c9-9e9b-087e97be320e",
        "parentId": "00000000-0000-0000-0000-000000000000",
        "instanceId": "00000000-0000-0000-0000-000000000000",
        "topic": "",
        "name": "SharpChain-Speed_FPM",
        "unit": "",
        "dataType": "",
        "schemaId": "40d2ca36-35e6-46c4-bbbf-06352b84a7eb",
        "skipParentKey": false
      },
      {
        "id": "5e7bb2dc-ffa8-4ac6-bd80-a1364e877eac",
        "modelId": "3b9b479a-6c7c-47c9-9e9b-087e97be320e",
        "parentId": "00000000-0000-0000-0000-000000000000",
        "instanceId": "00000000-0000-0000-0000-000000000000",
        "topic": "",
        "name": "Trimmer-MachineStatus",
        "unit": "",
        "dataType": "",
        "schemaId": "40d2ca36-35e6-46c4-bbbf-06352b84a7eb",
        "skipParentKey": false
      },
      {
        "id": "64512f72-eaf9-41fb-afa1-bdc57d1208b9",
        "modelId": "3b9b479a-6c7c-47c9-9e9b-087e97be320e",
        "parentId": "00000000-0000-0000-0000-000000000000",
        "instanceId": "00000000-0000-0000-0000-000000000000",
        "topic": "",
        "name": "SharpChain-BandMillRightMotor_Voltage",
        "unit": "",
        "dataType": "",
        "schemaId": "40d2ca36-35e6-46c4-bbbf-06352b84a7eb",
        "skipParentKey": false
      },
      {
        "id": "6684d716-0347-4f6c-8ad1-1992903823c9",
        "modelId": "3b9b479a-6c7c-47c9-9e9b-087e97be320e",
        "parentId": "00000000-0000-0000-0000-000000000000",
        "instanceId": "00000000-0000-0000-0000-000000000000",
        "topic": "",
        "name": "SharpChain-AvgTurnError",
        "unit": "",
        "dataType": "",
        "schemaId": "40d2ca36-35e6-46c4-bbbf-06352b84a7eb",
        "skipParentKey": false
      },
      {
        "id": "6b98fb59-4877-40d5-ae68-d1675d32bf5f",
        "modelId": "3b9b479a-6c7c-47c9-9e9b-087e97be320e",
        "parentId": "00000000-0000-0000-0000-000000000000",
        "instanceId": null,
        "topic": "",
        "name": "Trimmer-BoardLength",
        "unit": "",
        "dataType": "",
        "schemaId": "40d2ca36-35e6-46c4-bbbf-06352b84a7eb",
        "skipParentKey": false
      },
      {
        "id": "719861b8-4883-475b-8915-5538c59f48d2",
        "modelId": "3b9b479a-6c7c-47c9-9e9b-087e97be320e",
        "parentId": "00000000-0000-0000-0000-000000000000",
        "instanceId": "00000000-0000-0000-0000-000000000000",
        "topic": "",
        "name": "Trimmer-ProcessStopTime",
        "unit": "",
        "dataType": "",
        "schemaId": "40d2ca36-35e6-46c4-bbbf-06352b84a7eb",
        "skipParentKey": false
      },
      {
        "id": "86235e46-6898-45ec-a7cc-77fd18b80a6b",
        "modelId": "3b9b479a-6c7c-47c9-9e9b-087e97be320e",
        "parentId": "00000000-0000-0000-0000-000000000000",
        "instanceId": "00000000-0000-0000-0000-000000000000",
        "topic": "",
        "name": "Gang-ProcessStartTime",
        "unit": "",
        "dataType": "",
        "schemaId": "40d2ca36-35e6-46c4-bbbf-06352b84a7eb",
        "skipParentKey": false
      },
      {
        "id": "974324bc-247a-4490-99c8-a10cbed21ffb",
        "modelId": "3b9b479a-6c7c-47c9-9e9b-087e97be320e",
        "parentId": "00000000-0000-0000-0000-000000000000",
        "instanceId": "00000000-0000-0000-0000-000000000000",
        "topic": "",
        "name": "Trimmer-ProcessStartTime",
        "unit": "",
        "dataType": "",
        "schemaId": "40d2ca36-35e6-46c4-bbbf-06352b84a7eb",
        "skipParentKey": false
      },
      {
        "id": "ad86973c-efc0-46ba-b9ff-73ba5a9bb371",
        "modelId": "3b9b479a-6c7c-47c9-9e9b-087e97be320e",
        "parentId": "00000000-0000-0000-0000-000000000000",
        "instanceId": "00000000-0000-0000-0000-000000000000",
        "topic": "",
        "name": "Gang-CantGap_Sec",
        "unit": "",
        "dataType": "",
        "schemaId": "40d2ca36-35e6-46c4-bbbf-06352b84a7eb",
        "skipParentKey": false
      },
      {
        "id": "b5e04be2-f20b-4f41-bbb7-7078564db438",
        "modelId": "3b9b479a-6c7c-47c9-9e9b-087e97be320e",
        "parentId": "00000000-0000-0000-0000-000000000000",
        "instanceId": "00000000-0000-0000-0000-000000000000",
        "topic": "",
        "name": "SharpChain-MachineStatus",
        "unit": "",
        "dataType": "",
        "schemaId": "40d2ca36-35e6-46c4-bbbf-06352b84a7eb",
        "skipParentKey": false
      },
      {
        "id": "b887b7c4-36de-47a3-a1d9-1f60acd47fd4",
        "modelId": "3b9b479a-6c7c-47c9-9e9b-087e97be320e",
        "parentId": "00000000-0000-0000-0000-000000000000",
        "instanceId": "00000000-0000-0000-0000-000000000000",
        "topic": "",
        "name": "SharpChain-ProcessID",
        "unit": "",
        "dataType": "",
        "schemaId": "40d2ca36-35e6-46c4-bbbf-06352b84a7eb",
        "skipParentKey": false
      },
      {
        "id": "ba0e040b-e7de-46da-9719-e6f60e7ecbb8",
        "modelId": "3b9b479a-6c7c-47c9-9e9b-087e97be320e",
        "parentId": "00000000-0000-0000-0000-000000000000",
        "instanceId": "00000000-0000-0000-0000-000000000000",
        "topic": "",
        "name": "SharpChain-ProcessStartTime",
        "unit": "",
        "dataType": "",
        "schemaId": "40d2ca36-35e6-46c4-bbbf-06352b84a7eb",
        "skipParentKey": false
      },
      {
        "id": "d673f632-da82-4e4c-9a54-8fc76fb77fdb",
        "modelId": "3b9b479a-6c7c-47c9-9e9b-087e97be320e",
        "parentId": "00000000-0000-0000-0000-000000000000",
        "instanceId": "00000000-0000-0000-0000-000000000000",
        "topic": "",
        "name": "SharpChain-ProcessStoptime",
        "unit": "",
        "dataType": "",
        "schemaId": "40d2ca36-35e6-46c4-bbbf-06352b84a7eb",
        "skipParentKey": false
      },
      {
        "id": "da4a5e32-2288-47aa-9288-4d36bb2c697d",
        "modelId": "3b9b479a-6c7c-47c9-9e9b-087e97be320e",
        "parentId": "00000000-0000-0000-0000-000000000000",
        "instanceId": "00000000-0000-0000-0000-000000000000",
        "topic": "",
        "name": "SharpChain-LogGap_DLI",
        "unit": "",
        "dataType": "",
        "schemaId": "40d2ca36-35e6-46c4-bbbf-06352b84a7eb",
        "skipParentKey": false
      },
      {
        "id": "e593c604-0ba8-43c2-bf47-6f83b6d5fac9",
        "modelId": "3b9b479a-6c7c-47c9-9e9b-087e97be320e",
        "parentId": "00000000-0000-0000-0000-000000000000",
        "instanceId": "00000000-0000-0000-0000-000000000000",
        "topic": "",
        "name": "Trimmer-Health",
        "unit": "",
        "dataType": "",
        "schemaId": "40d2ca36-35e6-46c4-bbbf-06352b84a7eb",
        "skipParentKey": false
      },
      {
        "id": "e6528d83-49f5-426e-a5fb-a72d13cd85cb",
        "modelId": "3b9b479a-6c7c-47c9-9e9b-087e97be320e",
        "parentId": "00000000-0000-0000-0000-000000000000",
        "instanceId": "00000000-0000-0000-0000-000000000000",
        "topic": "",
        "name": "Gang-Cant_Thickness",
        "unit": "",
        "dataType": "",
        "schemaId": "40d2ca36-35e6-46c4-bbbf-06352b84a7eb",
        "skipParentKey": false
      },
      {
        "id": "ea11b010-d4f4-4447-a23d-cee43017d30e",
        "modelId": "3b9b479a-6c7c-47c9-9e9b-087e97be320e",
        "parentId": "00000000-0000-0000-0000-000000000000",
        "instanceId": "00000000-0000-0000-0000-000000000000",
        "topic": "",
        "name": "SharpChain-Health",
        "unit": "",
        "dataType": "",
        "schemaId": "40d2ca36-35e6-46c4-bbbf-06352b84a7eb",
        "skipParentKey": false
      },
      {
        "id": "ebda327c-977d-484e-b208-5083e4772952",
        "modelId": "3b9b479a-6c7c-47c9-9e9b-087e97be320e",
        "parentId": "00000000-0000-0000-0000-000000000000",
        "instanceId": "00000000-0000-0000-0000-000000000000",
        "topic": "",
        "name": "Trimmer-SorterDriveAmps",
        "unit": "",
        "dataType": "",
        "schemaId": "40d2ca36-35e6-46c4-bbbf-06352b84a7eb",
        "skipParentKey": false
      },
      {
        "id": "f2143e82-8b7d-4038-a9e8-10d6dc61eaeb",
        "modelId": "3b9b479a-6c7c-47c9-9e9b-087e97be320e",
        "parentId": "00000000-0000-0000-0000-000000000000",
        "instanceId": "00000000-0000-0000-0000-000000000000",
        "topic": "",
        "name": "SharpChain-RightChipHead_Amps",
        "unit": "",
        "dataType": "",
        "schemaId": "40d2ca36-35e6-46c4-bbbf-06352b84a7eb",
        "skipParentKey": false
      },
      {
        "id": "fc816efa-a63c-40f3-9c16-6dc1be5c66c4",
        "modelId": "3b9b479a-6c7c-47c9-9e9b-087e97be320e",
        "parentId": "00000000-0000-0000-0000-000000000000",
        "instanceId": "00000000-0000-0000-0000-000000000000",
        "topic": "",
        "name": "Gang-Health",
        "unit": "",
        "dataType": "",
        "schemaId": "40d2ca36-35e6-46c4-bbbf-06352b84a7eb",
        "skipParentKey": false
      }
    ],
    "staticAttributes": [
      {
        "id": "03bb0055-e6c6-4729-8e6f-b74d953e7111",
        "parentId": "00000000-0000-0000-0000-000000000000",
        "modelId": "3b9b479a-6c7c-47c9-9e9b-087e97be320e",
        "instanceId": "00000000-0000-0000-0000-000000000000",
        "key": "Plant",
        "value": "A",
        "type": 0
      },
      {
        "id": "7e106b10-eb95-4603-985b-9fbca2c4bd5a",
        "parentId": "00000000-0000-0000-0000-000000000000",
        "modelId": "3b9b479a-6c7c-47c9-9e9b-087e97be320e",
        "instanceId": "00000000-0000-0000-0000-000000000000",
        "key": "Type",
        "value": "Event",
        "type": 0
      },
      {
        "id": "b1f15a30-95a0-4089-abf4-3bd3f787c506",
        "parentId": "00000000-0000-0000-0000-000000000000",
        "modelId": "3b9b479a-6c7c-47c9-9e9b-087e97be320e",
        "instanceId": "00000000-0000-0000-0000-000000000000",
        "key": "Site",
        "value": "USA",
        "type": 0
      },
      {
        "id": "ec4c9c60-747f-4aed-ad87-e2daa3d1b0b2",
        "parentId": "00000000-0000-0000-0000-000000000000",
        "modelId": "3b9b479a-6c7c-47c9-9e9b-087e97be320e",
        "instanceId": "00000000-0000-0000-0000-000000000000",
        "key": "Line",
        "value": "2",
        "type": 0
      }
    ],
    "hierarchyNodes": [
      {
        "id": "032ac385-514f-4f12-a099-12dc85899440",
        "modelId": "3b9b479a-6c7c-47c9-9e9b-087e97be320e",
        "position": 3,
        "parentId": null,
        "name": "Trimmer-ProcessStopTime",
        "isFolder": false,
        "attributeId": "719861b8-4883-475b-8915-5538c59f48d2",
        "attributeType": "dynamic",
        "nodeType": "attribute"
      },
      {
        "id": "129b9ba2-f748-4ccb-80f1-2a9b9349b4d4",
        "modelId": "3b9b479a-6c7c-47c9-9e9b-087e97be320e",
        "position": 11,
        "parentId": null,
        "name": "Trimmer-Health",
        "isFolder": false,
        "attributeId": "e593c604-0ba8-43c2-bf47-6f83b6d5fac9",
        "attributeType": "dynamic",
        "nodeType": "attribute"
      },
      {
        "id": "18d141e5-7519-40f1-95e2-a0aef0c0f69e",
        "modelId": "3b9b479a-6c7c-47c9-9e9b-087e97be320e",
        "position": 25,
        "parentId": null,
        "name": "SharpChain-BandMillRightMotor_Amps",
        "isFolder": false,
        "attributeId": "04fb07f6-6666-49a4-942a-0c453fb0cd76",
        "attributeType": "dynamic",
        "nodeType": "attribute"
      },
      {
        "id": "30b5f3ac-09c5-41bd-9979-c2f7110645df",
        "modelId": "3b9b479a-6c7c-47c9-9e9b-087e97be320e",
        "position": 22,
        "parentId": null,
        "name": "Trimmer-SorterDriveAmps",
        "isFolder": false,
        "attributeId": "ebda327c-977d-484e-b208-5083e4772952",
        "attributeType": "dynamic",
        "nodeType": "attribute"
      },
      {
        "id": "33173976-5bb2-4f4b-a82b-f061041bae0e",
        "modelId": "3b9b479a-6c7c-47c9-9e9b-087e97be320e",
        "position": 15,
        "parentId": null,
        "name": "Line",
        "isFolder": false,
        "attributeId": "ec4c9c60-747f-4aed-ad87-e2daa3d1b0b2",
        "attributeType": "static",
        "nodeType": "attribute"
      },
      {
        "id": "33d36fc2-9d51-4e3a-8b8c-4d7970dbee7c",
        "modelId": "3b9b479a-6c7c-47c9-9e9b-087e97be320e",
        "position": 13,
        "parentId": null,
        "name": "SharpChain-LogGap_DLI",
        "isFolder": false,
        "attributeId": "da4a5e32-2288-47aa-9288-4d36bb2c697d",
        "attributeType": "dynamic",
        "nodeType": "attribute"
      },
      {
        "id": "34d2b715-ebc5-489b-baad-b2e80ec4bb3f",
        "modelId": "3b9b479a-6c7c-47c9-9e9b-087e97be320e",
        "position": 4,
        "parentId": null,
        "name": "Trimmer-MachineStatus",
        "isFolder": false,
        "attributeId": "5e7bb2dc-ffa8-4ac6-bd80-a1364e877eac",
        "attributeType": "dynamic",
        "nodeType": "attribute"
      },
      {
        "id": "3df7b587-13ce-4296-b3b5-790608abeb80",
        "modelId": "3b9b479a-6c7c-47c9-9e9b-087e97be320e",
        "position": 20,
        "parentId": null,
        "name": "SharpChain-ProcessID",
        "isFolder": false,
        "attributeId": "b887b7c4-36de-47a3-a1d9-1f60acd47fd4",
        "attributeType": "dynamic",
        "nodeType": "attribute"
      },
      {
        "id": "5f032184-3953-47a5-9d29-ae1bfa6c62f0",
        "modelId": "3b9b479a-6c7c-47c9-9e9b-087e97be320e",
        "position": 5,
        "parentId": null,
        "name": "Gang-Health",
        "isFolder": false,
        "attributeId": "fc816efa-a63c-40f3-9c16-6dc1be5c66c4",
        "attributeType": "dynamic",
        "nodeType": "attribute"
      },
      {
        "id": "6698fbb8-8b84-4335-88f6-e8a40b955190",
        "modelId": "3b9b479a-6c7c-47c9-9e9b-087e97be320e",
        "position": 7,
        "parentId": null,
        "name": "SharpChain-Health",
        "isFolder": false,
        "attributeId": "ea11b010-d4f4-4447-a23d-cee43017d30e",
        "attributeType": "dynamic",
        "nodeType": "attribute"
      },
      {
        "id": "7389bfd6-fb29-43fe-a6ec-27f1a2b4d203",
        "modelId": "3b9b479a-6c7c-47c9-9e9b-087e97be320e",
        "position": 23,
        "parentId": null,
        "name": "Gang-CantGap_Sec",
        "isFolder": false,
        "attributeId": "ad86973c-efc0-46ba-b9ff-73ba5a9bb371",
        "attributeType": "dynamic",
        "nodeType": "attribute"
      },
      {
        "id": "74d477c8-75f9-45bc-88e5-5c3371509b19",
        "modelId": "3b9b479a-6c7c-47c9-9e9b-087e97be320e",
        "position": 26,
        "parentId": null,
        "name": "SharpChain-Speed_FPM",
        "isFolder": false,
        "attributeId": "5d4fe49c-c683-4673-8d52-90e02d530396",
        "attributeType": "dynamic",
        "nodeType": "attribute"
      },
      {
        "id": "82602e67-639f-47ea-98ff-eea023322b85",
        "modelId": "3b9b479a-6c7c-47c9-9e9b-087e97be320e",
        "position": 29,
        "parentId": null,
        "name": "Gang-ProcessStartTime",
        "isFolder": false,
        "attributeId": "86235e46-6898-45ec-a7cc-77fd18b80a6b",
        "attributeType": "dynamic",
        "nodeType": "attribute"
      },
      {
        "id": "86af6677-c923-440a-a3e4-5f769953945a",
        "modelId": "3b9b479a-6c7c-47c9-9e9b-087e97be320e",
        "position": 16,
        "parentId": null,
        "name": "SharpChain-BandMillRightMotor_Voltage",
        "isFolder": false,
        "attributeId": "64512f72-eaf9-41fb-afa1-bdc57d1208b9",
        "attributeType": "dynamic",
        "nodeType": "attribute"
      },
      {
        "id": "8da417f6-d4e3-4cd1-82fc-a06673da1dad",
        "modelId": "3b9b479a-6c7c-47c9-9e9b-087e97be320e",
        "position": 27,
        "parentId": null,
        "name": "Site",
        "isFolder": false,
        "attributeId": "b1f15a30-95a0-4089-abf4-3bd3f787c506",
        "attributeType": "static",
        "nodeType": "attribute"
      },
      {
        "id": "8fda0b9a-dae0-4e7a-b371-10632aa81d12",
        "modelId": "3b9b479a-6c7c-47c9-9e9b-087e97be320e",
        "position": 21,
        "parentId": null,
        "name": "Gang-Cant_Thickness",
        "isFolder": false,
        "attributeId": "e6528d83-49f5-426e-a5fb-a72d13cd85cb",
        "attributeType": "dynamic",
        "nodeType": "attribute"
      },
      {
        "id": "9b433beb-c7f9-4218-90be-ba8287f6323d",
        "modelId": "3b9b479a-6c7c-47c9-9e9b-087e97be320e",
        "position": 17,
        "parentId": null,
        "name": "Trimmer-ProcessStartTime",
        "isFolder": false,
        "attributeId": "974324bc-247a-4490-99c8-a10cbed21ffb",
        "attributeType": "dynamic",
        "nodeType": "attribute"
      },
      {
        "id": "9f8ccf50-ec2b-4a6a-9777-e9eea87c84eb",
        "modelId": "3b9b479a-6c7c-47c9-9e9b-087e97be320e",
        "position": 28,
        "parentId": null,
        "name": "Gang-ProcessStopTime",
        "isFolder": false,
        "attributeId": "45cc0b5f-edcf-4a62-a59d-f9076f9e25e6",
        "attributeType": "dynamic",
        "nodeType": "attribute"
      },
      {
        "id": "a2dc32e7-15f6-4204-a3d6-d3b433da5a49",
        "modelId": "3b9b479a-6c7c-47c9-9e9b-087e97be320e",
        "position": 14,
        "parentId": null,
        "name": "Type",
        "isFolder": false,
        "attributeId": "7e106b10-eb95-4603-985b-9fbca2c4bd5a",
        "attributeType": "static",
        "nodeType": "attribute"
      },
      {
        "id": "a5b8c235-001e-42d4-bf54-a96ec789d348",
        "modelId": "3b9b479a-6c7c-47c9-9e9b-087e97be320e",
        "position": 24,
        "parentId": null,
        "name": "Gang-FPM_CutSpeed",
        "isFolder": false,
        "attributeId": "1ae7576a-f770-4344-8343-5ab330258a51",
        "attributeType": "dynamic",
        "nodeType": "attribute"
      },
      {
        "id": "b34f69c3-1774-4a42-ac89-4da713d71d48",
        "modelId": "3b9b479a-6c7c-47c9-9e9b-087e97be320e",
        "position": 8,
        "parentId": null,
        "name": "Gang-ProcessID",
        "isFolder": false,
        "attributeId": "023eea70-3061-4d82-98fd-b6a16bcb81fa",
        "attributeType": "dynamic",
        "nodeType": "attribute"
      },
      {
        "id": "b8e06aad-2212-40c0-a396-fd5932b19c44",
        "modelId": "3b9b479a-6c7c-47c9-9e9b-087e97be320e",
        "position": 1,
        "parentId": null,
        "name": "SharpChain-ProcessStoptime",
        "isFolder": false,
        "attributeId": "d673f632-da82-4e4c-9a54-8fc76fb77fdb",
        "attributeType": "dynamic",
        "nodeType": "attribute"
      },
      {
        "id": "bb8fae8d-f3a4-4cc5-b3d2-ca8d55709fab",
        "modelId": "3b9b479a-6c7c-47c9-9e9b-087e97be320e",
        "position": 30,
        "parentId": null,
        "name": "SharpChain-AvgTurnError",
        "isFolder": false,
        "attributeId": "6684d716-0347-4f6c-8ad1-1992903823c9",
        "attributeType": "dynamic",
        "nodeType": "attribute"
      },
      {
        "id": "c2ad65d5-9999-43c3-a4ca-61932f90976b",
        "modelId": "3b9b479a-6c7c-47c9-9e9b-087e97be320e",
        "position": 0,
        "parentId": null,
        "name": "Plant",
        "isFolder": false,
        "attributeId": "03bb0055-e6c6-4729-8e6f-b74d953e7111",
        "attributeType": "static",
        "nodeType": "attribute"
      },
      {
        "id": "c8db67ab-3cf6-450f-90ee-ff5aecbdae13",
        "modelId": "3b9b479a-6c7c-47c9-9e9b-087e97be320e",
        "position": 10,
        "parentId": null,
        "name": "Trimmer-ProcessID",
        "isFolder": false,
        "attributeId": "107950b4-7dd1-4866-a5d9-303afacec664",
        "attributeType": "dynamic",
        "nodeType": "attribute"
      },
      {
        "id": "cdc53788-82e1-44e8-94fa-9f5ac8b2b201",
        "modelId": "3b9b479a-6c7c-47c9-9e9b-087e97be320e",
        "position": 6,
        "parentId": null,
        "name": "SharpChain-ProcessStartTime",
        "isFolder": false,
        "attributeId": "ba0e040b-e7de-46da-9719-e6f60e7ecbb8",
        "attributeType": "dynamic",
        "nodeType": "attribute"
      },
      {
        "id": "d4f16683-a895-481f-803d-2b3f01adbb05",
        "modelId": "3b9b479a-6c7c-47c9-9e9b-087e97be320e",
        "position": 12,
        "parentId": null,
        "name": "SharpChain-MachineStatus",
        "isFolder": false,
        "attributeId": "b5e04be2-f20b-4f41-bbb7-7078564db438",
        "attributeType": "dynamic",
        "nodeType": "attribute"
      },
      {
        "id": "d59d1ccc-c2bb-4d25-8f5c-0b4832e7d55d",
        "modelId": "3b9b479a-6c7c-47c9-9e9b-087e97be320e",
        "position": 18,
        "parentId": null,
        "name": "Gang-Cant_Length",
        "isFolder": false,
        "attributeId": "4aaebc0b-3e5d-43a4-ba9f-08c8026e76d6",
        "attributeType": "dynamic",
        "nodeType": "attribute"
      },
      {
        "id": "d9ca36ea-ee5e-42f1-a28f-a1c2f061a8e8",
        "modelId": "3b9b479a-6c7c-47c9-9e9b-087e97be320e",
        "position": 19,
        "parentId": null,
        "name": "SharpChain-LogGap",
        "isFolder": false,
        "attributeId": "2811f745-1459-4c59-8479-1899392a0572",
        "attributeType": "dynamic",
        "nodeType": "attribute"
      },
      {
        "id": "e14644b6-487f-4c93-ab07-6aa5dbcf6e52",
        "modelId": "3b9b479a-6c7c-47c9-9e9b-087e97be320e",
        "position": 2,
        "parentId": null,
        "name": "SharpChain-RightChipHead_Amps",
        "isFolder": false,
        "attributeId": "f2143e82-8b7d-4038-a9e8-10d6dc61eaeb",
        "attributeType": "dynamic",
        "nodeType": "attribute"
      },
      {
        "id": "e1cd8e42-501b-4629-829a-3e4e70137fe3",
        "modelId": "3b9b479a-6c7c-47c9-9e9b-087e97be320e",
        "position": 9,
        "parentId": null,
        "name": "Gang-MachineStatus",
        "isFolder": false,
        "attributeId": "55d07d3f-8cc8-421a-9bdd-5151706e34be",
        "attributeType": "dynamic",
        "nodeType": "attribute"
      },
      {
        "id": "fedd9229-11fe-429c-9968-38dd753d45be",
        "modelId": "3b9b479a-6c7c-47c9-9e9b-087e97be320e",
        "position": 31,
        "parentId": null,
        "name": "Trimmer-BoardLength",
        "isFolder": false,
        "attributeId": "6b98fb59-4877-40d5-ae68-d1675d32bf5f",
        "attributeType": "dynamic",
        "nodeType": "attribute"
      }
    ],
    "transformationBackup": [
      {
        "ID": "40d2ca36-35e6-46c4-bbbf-06352b84a7eb",
        "ModelID": "3b9b479a-6c7c-47c9-9e9b-087e97be320e",
        "Name": "Simple schema",
        "Schema": "{\n\t\"value\": \"$value\",\n  \t\"timestamp\": \"$timestamp\"\n}"
      },
      {
        "ID": "701e86b3-56b9-42be-ab68-ac15b36e6486",
        "ModelID": "3b9b479a-6c7c-47c9-9e9b-087e97be320e",
        "Name": "apiTransformation",
        "Schema": "{\"key\": \"value\"}"
      }
    ],
    "isUNS": false,
    "connectorName": ""
  }
]