[
  {
    "id": "29bfb3dd-aba0-43e2-a053-3c2f1d416e7d",
    "assets": "ASSET",
    "name": "Gang-Model",
    "description": "Lumber assembly Manufacturing",
    "image": "",
    "dynamicAttributes": [
      {
        "id": "1e4fc90a-85b9-45e9-be97-7f4f88b59319",
        "modelId": "29bfb3dd-aba0-43e2-a053-3c2f1d416e7d",
        "parentId": "00000000-0000-0000-0000-000000000000",
        "instanceId": "00000000-0000-0000-0000-000000000000",
        "topic": "",
        "name": "Gang-Cant_Length",
        "unit": "",
        "dataType": "",
        "schemaId": "fca7c1f3-3428-4ac5-a4db-eb545ce9d4b3",
        "skipParentKey": false
      },
      {
        "id": "5455f700-52d4-466d-b9f6-eea9fdb81aae",
        "modelId": "29bfb3dd-aba0-43e2-a053-3c2f1d416e7d",
        "parentId": "00000000-0000-0000-0000-000000000000",
        "instanceId": "00000000-0000-0000-0000-000000000000",
        "topic": "",
        "name": "Gang-Cant_Thickness",
        "unit": "",
        "dataType": "",
        "schemaId": "fca7c1f3-3428-4ac5-a4db-eb545ce9d4b3",
        "skipParentKey": false
      },
      {
        "id": "5bd7c5a0-83c5-440d-93b9-e0f6263f36e1",
        "modelId": "29bfb3dd-aba0-43e2-a053-3c2f1d416e7d",
        "parentId": "00000000-0000-0000-0000-000000000000",
        "instanceId": "00000000-0000-0000-0000-000000000000",
        "topic": "",
        "name": "Gang-CantGap_Sec",
        "unit": "",
        "dataType": "",
        "schemaId": "fca7c1f3-3428-4ac5-a4db-eb545ce9d4b3",
        "skipParentKey": false
      },
      {
        "id": "7ea51083-7144-4423-88ed-4594472cf2da",
        "modelId": "29bfb3dd-aba0-43e2-a053-3c2f1d416e7d",
        "parentId": "00000000-0000-0000-0000-000000000000",
        "instanceId": "00000000-0000-0000-0000-000000000000",
        "topic": "",
        "name": "Gang-MachineStatus",
        "unit": "",
        "dataType": "",
        "schemaId": "fca7c1f3-3428-4ac5-a4db-eb545ce9d4b3",
        "skipParentKey": false
      },
      {
        "id": "7ebb3324-d5c4-4a4c-a4cf-8668514e2626",
        "modelId": "29bfb3dd-aba0-43e2-a053-3c2f1d416e7d",
        "parentId": "00000000-0000-0000-0000-000000000000",
        "instanceId": "00000000-0000-0000-0000-000000000000",
        "topic": "",
        "name": "Gang-ProcessID",
        "unit": "",
        "dataType": "",
        "schemaId": "fca7c1f3-3428-4ac5-a4db-eb545ce9d4b3",
        "skipParentKey": false
      },
      {
        "id": "90c6b4aa-e8fc-4fbe-bc46-7a8860f5e571",
        "modelId": "29bfb3dd-aba0-43e2-a053-3c2f1d416e7d",
        "parentId": "00000000-0000-0000-0000-000000000000",
        "instanceId": "00000000-0000-0000-0000-000000000000",
        "topic": "",
        "name": "Gang-FPM_CutSpeed",
        "unit": "",
        "dataType": "",
        "schemaId": "fca7c1f3-3428-4ac5-a4db-eb545ce9d4b3",
        "skipParentKey": false
      },
      {
        "id": "a095f12e-cf7c-4d81-acce-a8d842664847",
        "modelId": "29bfb3dd-aba0-43e2-a053-3c2f1d416e7d",
        "parentId": "00000000-0000-0000-0000-000000000000",
        "instanceId": "00000000-0000-0000-0000-000000000000",
        "topic": "",
        "name": "Gang-ProcessStopTime",
        "unit": "",
        "dataType": "",
        "schemaId": "fca7c1f3-3428-4ac5-a4db-eb545ce9d4b3",
        "skipParentKey": false
      },
      {
        "id": "b83aec47-47aa-4861-b3bc-a1a9bd8916ea",
        "modelId": "29bfb3dd-aba0-43e2-a053-3c2f1d416e7d",
        "parentId": "00000000-0000-0000-0000-000000000000",
        "instanceId": "00000000-0000-0000-0000-000000000000",
        "topic": "",
        "name": "Gang-Health",
        "unit": "",
        "dataType": "",
        "schemaId": "fca7c1f3-3428-4ac5-a4db-eb545ce9d4b3",
        "skipParentKey": false
      },
      {
        "id": "e52b0a60-bced-4b32-9bb7-d9c06dbb6ab8",
        "modelId": "29bfb3dd-aba0-43e2-a053-3c2f1d416e7d",
        "parentId": "00000000-0000-0000-0000-000000000000",
        "instanceId": "00000000-0000-0000-0000-000000000000",
        "topic": "",
        "name": "Gang-ProcessStartTime",
        "unit": "",
        "dataType": "",
        "schemaId": "fca7c1f3-3428-4ac5-a4db-eb545ce9d4b3",
        "skipParentKey": false
      }
    ],
    "staticAttributes": null,
    "hierarchyNodes": [
      {
        "id": "1847d0e3-0c56-495a-b4d6-51094815705c",
        "modelId": "29bfb3dd-aba0-43e2-a053-3c2f1d416e7d",
        "position": 0,
        "parentId": null,
        "name": "Site",
        "isFolder": true,
        "attributeId": null,
        "attributeType": null,
        "nodeType": "folder"
      },
      {
        "id": "22f137b1-ce5e-4098-87f5-0c07f595dbb9",
        "modelId": "29bfb3dd-aba0-43e2-a053-3c2f1d416e7d",
        "position": 1,
        "parentId": "5778459b-1234-4e6b-95e2-aa7b6654345a",
        "name": "Gang-MachineStatus",
        "isFolder": false,
        "attributeId": "7ea51083-7144-4423-88ed-4594472cf2da",
        "attributeType": "dynamic",
        "nodeType": "attribute"
      },
      {
        "id": "4c337a89-7415-4055-84b0-0cb3691c1935",
        "modelId": "29bfb3dd-aba0-43e2-a053-3c2f1d416e7d",
        "position": 2,
        "parentId": null,
        "name": "Asset",
        "isFolder": true,
        "attributeId": null,
        "attributeType": null,
        "nodeType": "folder"
      },
      {
        "id": "5778459b-1234-4e6b-95e2-aa7b6654345a",
        "modelId": "29bfb3dd-aba0-43e2-a053-3c2f1d416e7d",
        "position": 1,
        "parentId": null,
        "name": "Plant",
        "isFolder": true,
        "attributeId": null,
        "attributeType": null,
        "nodeType": "folder"
      },
      {
        "id": "65b88aaf-d450-4931-978a-ed77428e6bce",
        "modelId": "29bfb3dd-aba0-43e2-a053-3c2f1d416e7d",
        "position": 0,
        "parentId": "1847d0e3-0c56-495a-b4d6-51094815705c",
        "name": "Gang-CantGap_Sec",
        "isFolder": false,
        "attributeId": "5bd7c5a0-83c5-440d-93b9-e0f6263f36e1",
        "attributeType": "dynamic",
        "nodeType": "attribute"
      },
      {
        "id": "77269e1b-1903-4f0a-af42-a91c41dc4493",
        "modelId": "29bfb3dd-aba0-43e2-a053-3c2f1d416e7d",
        "position": 0,
        "parentId": "80a54ade-fc57-4c07-a65b-0a3b6b973c4a",
        "name": "Gang-Cant_Length",
        "isFolder": false,
        "attributeId": "1e4fc90a-85b9-45e9-be97-7f4f88b59319",
        "attributeType": "dynamic",
        "nodeType": "attribute"
      },
      {
        "id": "80a54ade-fc57-4c07-a65b-0a3b6b973c4a",
        "modelId": "29bfb3dd-aba0-43e2-a053-3c2f1d416e7d",
        "position": 0,
        "parentId": "5778459b-1234-4e6b-95e2-aa7b6654345a",
        "name": "Line",
        "isFolder": true,
        "attributeId": null,
        "attributeType": null,
        "nodeType": "folder"
      },
      {
        "id": "ac88f940-a033-4c15-9eda-4f831208c705",
        "modelId": "29bfb3dd-aba0-43e2-a053-3c2f1d416e7d",
        "position": 2,
        "parentId": "4c337a89-7415-4055-84b0-0cb3691c1935",
        "name": "Gang-Cant_Length",
        "isFolder": false,
        "attributeId": "1e4fc90a-85b9-45e9-be97-7f4f88b59319",
        "attributeType": "dynamic",
        "nodeType": "attribute"
      },
      {
        "id": "e6329826-ec8d-4cd8-ae9b-af6adc5704b5",
        "modelId": "29bfb3dd-aba0-43e2-a053-3c2f1d416e7d",
        "position": 3,
        "parentId": null,
        "name": "Org",
        "isFolder": true,
        "attributeId": null,
        "attributeType": null,
        "nodeType": "folder"
      },
      {
        "id": "e7b70504-adee-44ca-83fb-84d0891e2446",
        "modelId": "29bfb3dd-aba0-43e2-a053-3c2f1d416e7d",
        "position": 1,
        "parentId": "4c337a89-7415-4055-84b0-0cb3691c1935",
        "name": "Gang-Cant_Thickness",
        "isFolder": false,
        "attributeId": "5455f700-52d4-466d-b9f6-eea9fdb81aae",
        "attributeType": "dynamic",
        "nodeType": "attribute"
      }
    ],
    "transformationBackup": [
      {
        "ID": "c0fe90e7-4946-46c2-96c5-ffba3248d1ed",
        "ModelID": "29bfb3dd-aba0-43e2-a053-3c2f1d416e7d",
        "Name": "apiTransformation",
        "Schema": "{\"key\": \"value\"}"
      },
      {
        "ID": "fca7c1f3-3428-4ac5-a4db-eb545ce9d4b3",
        "ModelID": "29bfb3dd-aba0-43e2-a053-3c2f1d416e7d",
        "Name": "Simple schema",
        "Schema": "{\n\t\"value\": \"$value\",\n  \t\"timestamp\": \"$timestamp\"\n}"
      }
    ],
    "isUNS": false,
    "connectorName": ""
  }
]