[
  {
    "id": "578c81a9-db89-439a-8e37-ab64a55076cc",
    "assets": "ASSET",
    "name": "Org-Model",
    "description": "Lumber assembly Manufacturing",
    "image": "",
    "dynamicAttributes": [
      {
        "id": "018bf573-a70f-4856-a0ae-c4019c2773c4",
        "modelId": "578c81a9-db89-439a-8e37-ab64a55076cc",
        "parentId": "00000000-0000-0000-0000-000000000000",
        "instanceId": "00000000-0000-0000-0000-000000000000",
        "topic": "",
        "name": "Gang-ProcessStartTime",
        "unit": "",
        "dataType": "",
        "schemaId": "e09a7fb2-9e08-474e-9e0d-ef8afa348ea9",
        "skipParentKey": false
      },
      {
        "id": "08de359c-fcb9-4c4d-a922-608a041fa234",
        "modelId": "578c81a9-db89-439a-8e37-ab64a55076cc",
        "parentId": "00000000-0000-0000-0000-000000000000",
        "instanceId": "00000000-0000-0000-0000-000000000000",
        "topic": "",
        "name": "Trimmer-ProcessStartTime",
        "unit": "",
        "dataType": "",
        "schemaId": "e09a7fb2-9e08-474e-9e0d-ef8afa348ea9",
        "skipParentKey": false
      },
      {
        "id": "1353ab69-188a-4bfb-b93e-d63d7fdd242d",
        "modelId": "578c81a9-db89-439a-8e37-ab64a55076cc",
        "parentId": "00000000-0000-0000-0000-000000000000",
        "instanceId": "00000000-0000-0000-0000-000000000000",
        "topic": "",
        "name": "Trimmer-Health",
        "unit": "",
        "dataType": "",
        "schemaId": "e09a7fb2-9e08-474e-9e0d-ef8afa348ea9",
        "skipParentKey": false
      },
      {
        "id": "14445ac7-b44c-4152-aa46-9d6572b879b3",
        "modelId": "578c81a9-db89-439a-8e37-ab64a55076cc",
        "parentId": "00000000-0000-0000-0000-000000000000",
        "instanceId": "00000000-0000-0000-0000-000000000000",
        "topic": "",
        "name": "SharpChain-BandMillRightMotor_Voltage",
        "unit": "",
        "dataType": "",
        "schemaId": "e09a7fb2-9e08-474e-9e0d-ef8afa348ea9",
        "skipParentKey": false
      },
      {
        "id": "3bbf000d-f546-4f04-b682-9f0719ecedde",
        "modelId": "578c81a9-db89-439a-8e37-ab64a55076cc",
        "parentId": "00000000-0000-0000-0000-000000000000",
        "instanceId": "00000000-0000-0000-0000-000000000000",
        "topic": "",
        "name": "SharpChain-MachineStatus",
        "unit": "",
        "dataType": "",
        "schemaId": "e09a7fb2-9e08-474e-9e0d-ef8afa348ea9",
        "skipParentKey": false
      },
      {
        "id": "3f4ce35c-e65e-473d-a273-6ae1682081af",
        "modelId": "578c81a9-db89-439a-8e37-ab64a55076cc",
        "parentId": "00000000-0000-0000-0000-000000000000",
        "instanceId": "00000000-0000-0000-0000-000000000000",
        "topic": "",
        "name": "Trimmer-ProcessStopTime",
        "unit": "",
        "dataType": "",
        "schemaId": "e09a7fb2-9e08-474e-9e0d-ef8afa348ea9",
        "skipParentKey": false
      },
      {
        "id": "3f9bdfda-40c8-476c-a717-b7623dfd2953",
        "modelId": "578c81a9-db89-439a-8e37-ab64a55076cc",
        "parentId": "00000000-0000-0000-0000-000000000000",
        "instanceId": "00000000-0000-0000-0000-000000000000",
        "topic": "",
        "name": "Gang-Cant_Thickness",
        "unit": "",
        "dataType": "",
        "schemaId": "e09a7fb2-9e08-474e-9e0d-ef8afa348ea9",
        "skipParentKey": false
      },
      {
        "id": "44fef1cf-3663-4c91-a104-f3cf9205079f",
        "modelId": "578c81a9-db89-439a-8e37-ab64a55076cc",
        "parentId": "00000000-0000-0000-0000-000000000000",
        "instanceId": "00000000-0000-0000-0000-000000000000",
        "topic": "",
        "name": "SharpChain-ProcessStoptime",
        "unit": "",
        "dataType": "",
        "schemaId": "e09a7fb2-9e08-474e-9e0d-ef8afa348ea9",
        "skipParentKey": false
      },
      {
        "id": "47dfa24c-0505-497e-a46e-ecb44ebaa1e4",
        "modelId": "578c81a9-db89-439a-8e37-ab64a55076cc",
        "parentId": "00000000-0000-0000-0000-000000000000",
        "instanceId": "00000000-0000-0000-0000-000000000000",
        "topic": "",
        "name": "Gang-FPM_CutSpeed",
        "unit": "",
        "dataType": "",
        "schemaId": "e09a7fb2-9e08-474e-9e0d-ef8afa348ea9",
        "skipParentKey": false
      },
      {
        "id": "4c1dd8ec-3267-45fa-b0dc-883aa66a8e68",
        "modelId": "578c81a9-db89-439a-8e37-ab64a55076cc",
        "parentId": "00000000-0000-0000-0000-000000000000",
        "instanceId": "00000000-0000-0000-0000-000000000000",
        "topic": "",
        "name": "Trimmer-MachineStatus",
        "unit": "",
        "dataType": "",
        "schemaId": "e09a7fb2-9e08-474e-9e0d-ef8afa348ea9",
        "skipParentKey": false
      },
      {
        "id": "4f6cd740-3e58-449f-8b63-5e554641afe3",
        "modelId": "578c81a9-db89-439a-8e37-ab64a55076cc",
        "parentId": "00000000-0000-0000-0000-000000000000",
        "instanceId": "00000000-0000-0000-0000-000000000000",
        "topic": "",
        "name": "Gang-ProcessStopTime",
        "unit": "",
        "dataType": "",
        "schemaId": "e09a7fb2-9e08-474e-9e0d-ef8afa348ea9",
        "skipParentKey": false
      },
      {
        "id": "5254af89-b631-40bd-91a8-831ff2b5b6a2",
        "modelId": "578c81a9-db89-439a-8e37-ab64a55076cc",
        "parentId": "00000000-0000-0000-0000-000000000000",
        "instanceId": "00000000-0000-0000-0000-000000000000",
        "topic": "",
        "name": "Gang-Health",
        "unit": "",
        "dataType": "",
        "schemaId": "e09a7fb2-9e08-474e-9e0d-ef8afa348ea9",
        "skipParentKey": false
      },
      {
        "id": "60d6d151-d000-4048-93cc-2dc02ba062cf",
        "modelId": "578c81a9-db89-439a-8e37-ab64a55076cc",
        "parentId": "00000000-0000-0000-0000-000000000000",
        "instanceId": "00000000-0000-0000-0000-000000000000",
        "topic": "",
        "name": "Gang-ProcessID",
        "unit": "",
        "dataType": "",
        "schemaId": "e09a7fb2-9e08-474e-9e0d-ef8afa348ea9",
        "skipParentKey": false
      },
      {
        "id": "65f3dc02-4e32-430f-a0da-5b72a2d06480",
        "modelId": "578c81a9-db89-439a-8e37-ab64a55076cc",
        "parentId": "00000000-0000-0000-0000-000000000000",
        "instanceId": "00000000-0000-0000-0000-000000000000",
        "topic": "",
        "name": "SharpChain-Speed_FPM",
        "unit": "",
        "dataType": "",
        "schemaId": "e09a7fb2-9e08-474e-9e0d-ef8afa348ea9",
        "skipParentKey": false
      },
      {
        "id": "66d1bf70-b823-47f7-83d8-07b0419e5ce3",
        "modelId": "578c81a9-db89-439a-8e37-ab64a55076cc",
        "parentId": "00000000-0000-0000-0000-000000000000",
        "instanceId": "00000000-0000-0000-0000-000000000000",
        "topic": "",
        "name": "SharpChain-ProcessStartTime",
        "unit": "",
        "dataType": "",
        "schemaId": "e09a7fb2-9e08-474e-9e0d-ef8afa348ea9",
        "skipParentKey": false
      },
      {
        "id": "69d3c6c0-6092-4004-8795-bd04a6732544",
        "modelId": "578c81a9-db89-439a-8e37-ab64a55076cc",
        "parentId": "00000000-0000-0000-0000-000000000000",
        "instanceId": "00000000-0000-0000-0000-000000000000",
        "topic": "",
        "name": "Gang-MachineStatus",
        "unit": "",
        "dataType": "",
        "schemaId": "e09a7fb2-9e08-474e-9e0d-ef8afa348ea9",
        "skipParentKey": false
      },
      {
        "id": "6e9f6b91-90c2-4d99-a7d8-4b694030abee",
        "modelId": "578c81a9-db89-439a-8e37-ab64a55076cc",
        "parentId": "00000000-0000-0000-0000-000000000000",
        "instanceId": "00000000-0000-0000-0000-000000000000",
        "topic": "",
        "name": "SharpChain-BandMillRightMotor_Amps",
        "unit": "",
        "dataType": "",
        "schemaId": "e09a7fb2-9e08-474e-9e0d-ef8afa348ea9",
        "skipParentKey": false
      },
      {
        "id": "8683e6a3-a17c-4d22-b93b-dbdd872f743b",
        "modelId": "578c81a9-db89-439a-8e37-ab64a55076cc",
        "parentId": "00000000-0000-0000-0000-000000000000",
        "instanceId": "00000000-0000-0000-0000-000000000000",
        "topic": "",
        "name": "SharpChain-LogGap",
        "unit": "",
        "dataType": "",
        "schemaId": "e09a7fb2-9e08-474e-9e0d-ef8afa348ea9",
        "skipParentKey": false
      },
      {
        "id": "8d4a3dbc-4776-4bb6-9b2c-7ab42a21ef4c",
        "modelId": "578c81a9-db89-439a-8e37-ab64a55076cc",
        "parentId": "00000000-0000-0000-0000-000000000000",
        "instanceId": "00000000-0000-0000-0000-000000000000",
        "topic": "",
        "name": "SharpChain-Health",
        "unit": "",
        "dataType": "",
        "schemaId": "e09a7fb2-9e08-474e-9e0d-ef8afa348ea9",
        "skipParentKey": false
      },
      {
        "id": "8f42fcb2-fc93-49ec-bb38-26629ab6f282",
        "modelId": "578c81a9-db89-439a-8e37-ab64a55076cc",
        "parentId": "00000000-0000-0000-0000-000000000000",
        "instanceId": "00000000-0000-0000-0000-000000000000",
        "topic": "",
        "name": "Trimmer-SorterDriveAmps",
        "unit": "",
        "dataType": "",
        "schemaId": "e09a7fb2-9e08-474e-9e0d-ef8afa348ea9",
        "skipParentKey": false
      },
      {
        "id": "a667ade2-27f4-47b3-b318-13472248d353",
        "modelId": "578c81a9-db89-439a-8e37-ab64a55076cc",
        "parentId": "00000000-0000-0000-0000-000000000000",
        "instanceId": "00000000-0000-0000-0000-000000000000",
        "topic": "",
        "name": "SharpChain-AvgTurnError",
        "unit": "",
        "dataType": "",
        "schemaId": "e09a7fb2-9e08-474e-9e0d-ef8afa348ea9",
        "skipParentKey": false
      },
      {
        "id": "b3f4fdf5-77a4-44ab-a542-cd8da9f48519",
        "modelId": "578c81a9-db89-439a-8e37-ab64a55076cc",
        "parentId": "00000000-0000-0000-0000-000000000000",
        "instanceId": "00000000-0000-0000-0000-000000000000",
        "topic": "",
        "name": "SharpChain-LogGap_DLI",
        "unit": "",
        "dataType": "",
        "schemaId": "e09a7fb2-9e08-474e-9e0d-ef8afa348ea9",
        "skipParentKey": false
      },
      {
        "id": "bddeb021-9785-498f-b555-35a249188384",
        "modelId": "578c81a9-db89-439a-8e37-ab64a55076cc",
        "parentId": "00000000-0000-0000-0000-000000000000",
        "instanceId": "00000000-0000-0000-0000-000000000000",
        "topic": "",
        "name": "SharpChain-ProcessID",
        "unit": "",
        "dataType": "",
        "schemaId": "e09a7fb2-9e08-474e-9e0d-ef8afa348ea9",
        "skipParentKey": false
      },
      {
        "id": "d4087183-92db-4a9d-aeef-310166abe6a9",
        "modelId": "578c81a9-db89-439a-8e37-ab64a55076cc",
        "parentId": "00000000-0000-0000-0000-000000000000",
        "instanceId": "00000000-0000-0000-0000-000000000000",
        "topic": "",
        "name": "Trimmer-BoardLength",
        "unit": "",
        "dataType": "",
        "schemaId": "e09a7fb2-9e08-474e-9e0d-ef8afa348ea9",
        "skipParentKey": false
      },
      {
        "id": "d7452b69-1703-424a-8111-465fd8f3c093",
        "modelId": "578c81a9-db89-439a-8e37-ab64a55076cc",
        "parentId": "00000000-0000-0000-0000-000000000000",
        "instanceId": "00000000-0000-0000-0000-000000000000",
        "topic": "",
        "name": "Gang-Cant_Length",
        "unit": "",
        "dataType": "",
        "schemaId": "e09a7fb2-9e08-474e-9e0d-ef8afa348ea9",
        "skipParentKey": false
      },
      {
        "id": "dc715642-bf76-411f-9652-0cf21ba3032b",
        "modelId": "578c81a9-db89-439a-8e37-ab64a55076cc",
        "parentId": "00000000-0000-0000-0000-000000000000",
        "instanceId": "00000000-0000-0000-0000-000000000000",
        "topic": "",
        "name": "Gang-CantGap_Sec",
        "unit": "",
        "dataType": "",
        "schemaId": "e09a7fb2-9e08-474e-9e0d-ef8afa348ea9",
        "skipParentKey": false
      },
      {
        "id": "e03bbcb7-1d2a-4112-a794-22d413de7d57",
        "modelId": "578c81a9-db89-439a-8e37-ab64a55076cc",
        "parentId": "00000000-0000-0000-0000-000000000000",
        "instanceId": "00000000-0000-0000-0000-000000000000",
        "topic": "",
        "name": "Trimmer-ProcessID",
        "unit": "",
        "dataType": "",
        "schemaId": "e09a7fb2-9e08-474e-9e0d-ef8afa348ea9",
        "skipParentKey": false
      },
      {
        "id": "e4eff96e-09ad-4641-b190-74fb624ebcb8",
        "modelId": "578c81a9-db89-439a-8e37-ab64a55076cc",
        "parentId": "00000000-0000-0000-0000-000000000000",
        "instanceId": "00000000-0000-0000-0000-000000000000",
        "topic": "",
        "name": "SharpChain-RightChipHead_Amps",
        "unit": "",
        "dataType": "",
        "schemaId": "e09a7fb2-9e08-474e-9e0d-ef8afa348ea9",
        "skipParentKey": false
      }
    ],
    "staticAttributes": [
      {
        "id": "0cf145cb-2ee7-457d-8fbb-8f7481e700df",
        "parentId": "00000000-0000-0000-0000-000000000000",
        "modelId": "578c81a9-db89-439a-8e37-ab64a55076cc",
        "instanceId": "00000000-0000-0000-0000-000000000000",
        "key": "Type",
        "value": "Event",
        "type": 0
      },
      {
        "id": "1cb168da-ffc2-4adb-bb9a-06ca3fd99ef9",
        "parentId": "00000000-0000-0000-0000-000000000000",
        "modelId": "578c81a9-db89-439a-8e37-ab64a55076cc",
        "instanceId": "00000000-0000-0000-0000-000000000000",
        "key": "Site",
        "value": "USA",
        "type": 0
      },
      {
        "id": "cbb473de-7e76-48e0-a9c3-f49791ef1a98",
        "parentId": "00000000-0000-0000-0000-000000000000",
        "modelId": "578c81a9-db89-439a-8e37-ab64a55076cc",
        "instanceId": "00000000-0000-0000-0000-000000000000",
        "key": "Plant",
        "value": "A",
        "type": 0
      },
      {
        "id": "e7ef06c5-45ee-4bd9-b1cb-dc0e8584b584",
        "parentId": "00000000-0000-0000-0000-000000000000",
        "modelId": "578c81a9-db89-439a-8e37-ab64a55076cc",
        "instanceId": "00000000-0000-0000-0000-000000000000",
        "key": "Line",
        "value": "2",
        "type": 0
      }
    ],
    "hierarchyNodes": [
      {
        "id": "024c7f75-5c6d-4515-ba99-0231cfebd31f",
        "modelId": "578c81a9-db89-439a-8e37-ab64a55076cc",
        "position": 4,
        "parentId": "650ff6a3-6caa-456b-8d10-0ece47af26d4",
        "name": "Trimmer-BoardLength",
        "isFolder": false,
        "attributeId": "d4087183-92db-4a9d-aeef-310166abe6a9",
        "attributeType": "dynamic",
        "nodeType": "attribute"
      },
      {
        "id": "0a5cb182-39f1-46cc-ae63-1ecbfca51479",
        "modelId": "578c81a9-db89-439a-8e37-ab64a55076cc",
        "position": 0,
        "parentId": "4dae0069-5fa1-43f6-b56b-a6cf17610c2c",
        "name": "Area1",
        "isFolder": true,
        "attributeId": null,
        "attributeType": null,
        "nodeType": "folder"
      },
      {
        "id": "0fcdb3a3-77a2-49ac-aa69-969ebdc8eebb",
        "modelId": "578c81a9-db89-439a-8e37-ab64a55076cc",
        "position": 4,
        "parentId": "5d301f9e-cd6d-4166-adb9-f1da66250a6a",
        "name": "Gang-Cant_Length",
        "isFolder": false,
        "attributeId": "d7452b69-1703-424a-8111-465fd8f3c093",
        "attributeType": "dynamic",
        "nodeType": "attribute"
      },
      {
        "id": "1150658e-fc55-4529-873b-1f1a18af0b85",
        "modelId": "578c81a9-db89-439a-8e37-ab64a55076cc",
        "position": 0,
        "parentId": "0a5cb182-39f1-46cc-ae63-1ecbfca51479",
        "name": "Line1",
        "isFolder": true,
        "attributeId": null,
        "attributeType": null,
        "nodeType": "folder"
      },
      {
        "id": "241e2f15-89a5-4387-87e1-8bcfebba4200",
        "modelId": "578c81a9-db89-439a-8e37-ab64a55076cc",
        "position": 1,
        "parentId": "af09551a-f20f-408c-b5e1-101de94028a0",
        "name": "SharpChain-Speed_FPM",
        "isFolder": false,
        "attributeId": "65f3dc02-4e32-430f-a0da-5b72a2d06480",
        "attributeType": "dynamic",
        "nodeType": "attribute"
      },
      {
        "id": "248441a5-b2e5-456e-ae70-d05cb73fb498",
        "modelId": "578c81a9-db89-439a-8e37-ab64a55076cc",
        "position": 3,
        "parentId": "5d301f9e-cd6d-4166-adb9-f1da66250a6a",
        "name": "Gang-FPM_CutSpeed",
        "isFolder": false,
        "attributeId": "47dfa24c-0505-497e-a46e-ecb44ebaa1e4",
        "attributeType": "dynamic",
        "nodeType": "attribute"
      },
      {
        "id": "295f0ace-71ac-4c64-a0f9-b158c59eeee3",
        "modelId": "578c81a9-db89-439a-8e37-ab64a55076cc",
        "position": 0,
        "parentId": "5d301f9e-cd6d-4166-adb9-f1da66250a6a",
        "name": "Gang-CantGap_Sec",
        "isFolder": false,
        "attributeId": "dc715642-bf76-411f-9652-0cf21ba3032b",
        "attributeType": "dynamic",
        "nodeType": "attribute"
      },
      {
        "id": "29ef5ff4-f35e-4165-8ab3-ff8767dc1104",
        "modelId": "578c81a9-db89-439a-8e37-ab64a55076cc",
        "position": 0,
        "parentId": "650ff6a3-6caa-456b-8d10-0ece47af26d4",
        "name": "Trimmer-ProcessStartTime",
        "isFolder": false,
        "attributeId": "08de359c-fcb9-4c4d-a922-608a041fa234",
        "attributeType": "dynamic",
        "nodeType": "attribute"
      },
      {
        "id": "30554d01-17fc-4436-a65e-84189f4cffab",
        "modelId": "578c81a9-db89-439a-8e37-ab64a55076cc",
        "position": 3,
        "parentId": "650ff6a3-6caa-456b-8d10-0ece47af26d4",
        "name": "Trimmer-SorterDriveAmps",
        "isFolder": false,
        "attributeId": "8f42fcb2-fc93-49ec-bb38-26629ab6f282",
        "attributeType": "dynamic",
        "nodeType": "attribute"
      },
      {
        "id": "3504368a-9401-4d48-b617-be440c70b84f",
        "modelId": "578c81a9-db89-439a-8e37-ab64a55076cc",
        "position": 4,
        "parentId": "af09551a-f20f-408c-b5e1-101de94028a0",
        "name": "SharpChain-LogGap_DLI",
        "isFolder": false,
        "attributeId": "b3f4fdf5-77a4-44ab-a542-cd8da9f48519",
        "attributeType": "dynamic",
        "nodeType": "attribute"
      },
      {
        "id": "4dae0069-5fa1-43f6-b56b-a6cf17610c2c",
        "modelId": "578c81a9-db89-439a-8e37-ab64a55076cc",
        "position": 0,
        "parentId": "b2e1a865-191f-4c54-81e4-bb7dd9e65493",
        "name": "Site1",
        "isFolder": true,
        "attributeId": null,
        "attributeType": null,
        "nodeType": "folder"
      },
      {
        "id": "5d301f9e-cd6d-4166-adb9-f1da66250a6a",
        "modelId": "578c81a9-db89-439a-8e37-ab64a55076cc",
        "position": 2,
        "parentId": "1150658e-fc55-4529-873b-1f1a18af0b85",
        "name": "Gang",
        "isFolder": true,
        "attributeId": null,
        "attributeType": null,
        "nodeType": "folder"
      },
      {
        "id": "6094749f-62be-496a-a8e7-62bf6eaa3210",
        "modelId": "578c81a9-db89-439a-8e37-ab64a55076cc",
        "position": 5,
        "parentId": "5d301f9e-cd6d-4166-adb9-f1da66250a6a",
        "name": "Gang-ProcessStartTime",
        "isFolder": false,
        "attributeId": "018bf573-a70f-4856-a0ae-c4019c2773c4",
        "attributeType": "dynamic",
        "nodeType": "attribute"
      },
      {
        "id": "650ff6a3-6caa-456b-8d10-0ece47af26d4",
        "modelId": "578c81a9-db89-439a-8e37-ab64a55076cc",
        "position": 3,
        "parentId": "1150658e-fc55-4529-873b-1f1a18af0b85",
        "name": "Trimmer",
        "isFolder": true,
        "attributeId": null,
        "attributeType": null,
        "nodeType": "folder"
      },
      {
        "id": "75c13f9b-09ed-4626-8caf-17276ec782ff",
        "modelId": "578c81a9-db89-439a-8e37-ab64a55076cc",
        "position": 1,
        "parentId": null,
        "name": "Metadata",
        "isFolder": true,
        "attributeId": null,
        "attributeType": null,
        "nodeType": "folder"
      },
      {
        "id": "76fd1c10-d0f3-4cfe-bfaa-b9d68dea6fff",
        "modelId": "578c81a9-db89-439a-8e37-ab64a55076cc",
        "position": 1,
        "parentId": "5d301f9e-cd6d-4166-adb9-f1da66250a6a",
        "name": "Gang-Health",
        "isFolder": false,
        "attributeId": "5254af89-b631-40bd-91a8-831ff2b5b6a2",
        "attributeType": "dynamic",
        "nodeType": "attribute"
      },
      {
        "id": "7a3f36a5-fde1-450d-a05f-0442e47a1cdf",
        "modelId": "578c81a9-db89-439a-8e37-ab64a55076cc",
        "position": 1,
        "parentId": "650ff6a3-6caa-456b-8d10-0ece47af26d4",
        "name": "Trimmer-MachineStatus",
        "isFolder": false,
        "attributeId": "4c1dd8ec-3267-45fa-b0dc-883aa66a8e68",
        "attributeType": "dynamic",
        "nodeType": "attribute"
      },
      {
        "id": "94dd2869-d6d9-422c-bf69-45d6d98d536f",
        "modelId": "578c81a9-db89-439a-8e37-ab64a55076cc",
        "position": 3,
        "parentId": "af09551a-f20f-408c-b5e1-101de94028a0",
        "name": "SharpChain-AvgTurnError",
        "isFolder": false,
        "attributeId": "a667ade2-27f4-47b3-b318-13472248d353",
        "attributeType": "dynamic",
        "nodeType": "attribute"
      },
      {
        "id": "ae2ba5ab-561a-4226-bae3-86f5c90d7893",
        "modelId": "578c81a9-db89-439a-8e37-ab64a55076cc",
        "position": 2,
        "parentId": "af09551a-f20f-408c-b5e1-101de94028a0",
        "name": "SharpChain-MachineStatus",
        "isFolder": false,
        "attributeId": "3bbf000d-f546-4f04-b682-9f0719ecedde",
        "attributeType": "dynamic",
        "nodeType": "attribute"
      },
      {
        "id": "af09551a-f20f-408c-b5e1-101de94028a0",
        "modelId": "578c81a9-db89-439a-8e37-ab64a55076cc",
        "position": 0,
        "parentId": "1150658e-fc55-4529-873b-1f1a18af0b85",
        "name": "SC",
        "isFolder": true,
        "attributeId": null,
        "attributeType": null,
        "nodeType": "folder"
      },
      {
        "id": "afb1d631-5170-4d61-b87f-db1e8e428591",
        "modelId": "578c81a9-db89-439a-8e37-ab64a55076cc",
        "position": 2,
        "parentId": "5d301f9e-cd6d-4166-adb9-f1da66250a6a",
        "name": "Gang-Cant_Thickness",
        "isFolder": false,
        "attributeId": "3f9bdfda-40c8-476c-a717-b7623dfd2953",
        "attributeType": "dynamic",
        "nodeType": "attribute"
      },
      {
        "id": "b2e1a865-191f-4c54-81e4-bb7dd9e65493",
        "modelId": "578c81a9-db89-439a-8e37-ab64a55076cc",
        "position": 32,
        "parentId": null,
        "name": "Org",
        "isFolder": true,
        "attributeId": null,
        "attributeType": null,
        "nodeType": "folder"
      },
      {
        "id": "b7f6a3e4-a112-471b-b5a9-5f965f8f65d3",
        "modelId": "578c81a9-db89-439a-8e37-ab64a55076cc",
        "position": 2,
        "parentId": "650ff6a3-6caa-456b-8d10-0ece47af26d4",
        "name": "Trimmer-Health",
        "isFolder": false,
        "attributeId": "1353ab69-188a-4bfb-b93e-d63d7fdd242d",
        "attributeType": "dynamic",
        "nodeType": "attribute"
      },
      {
        "id": "bd9e8d95-47ed-43b2-b4fa-3bd8bb038351",
        "modelId": "578c81a9-db89-439a-8e37-ab64a55076cc",
        "position": 0,
        "parentId": "af09551a-f20f-408c-b5e1-101de94028a0",
        "name": "SharpChain-BandMillRightMotor_Voltage",
        "isFolder": false,
        "attributeId": "14445ac7-b44c-4152-aa46-9d6572b879b3",
        "attributeType": "dynamic",
        "nodeType": "attribute"
      },
      {
        "id": "cae1f3f9-2658-4c1b-b4ba-5b4df632ea3a",
        "modelId": "578c81a9-db89-439a-8e37-ab64a55076cc",
        "position": 5,
        "parentId": "650ff6a3-6caa-456b-8d10-0ece47af26d4",
        "name": "Trimmer-ProcessStopTime",
        "isFolder": false,
        "attributeId": "3f4ce35c-e65e-473d-a273-6ae1682081af",
        "attributeType": "dynamic",
        "nodeType": "attribute"
      },
      {
        "id": "ccf482e3-a4d4-4cad-b6a5-dc4e483353f6",
        "modelId": "578c81a9-db89-439a-8e37-ab64a55076cc",
        "position": 6,
        "parentId": "5d301f9e-cd6d-4166-adb9-f1da66250a6a",
        "name": "Gang-MachineStatus",
        "isFolder": false,
        "attributeId": "69d3c6c0-6092-4004-8795-bd04a6732544",
        "attributeType": "dynamic",
        "nodeType": "attribute"
      },
      {
        "id": "fb509e7e-bf9e-4645-afca-da5bccec0526",
        "modelId": "578c81a9-db89-439a-8e37-ab64a55076cc",
        "position": 7,
        "parentId": "5d301f9e-cd6d-4166-adb9-f1da66250a6a",
        "name": "Gang-ProcessStopTime",
        "isFolder": false,
        "attributeId": "4f6cd740-3e58-449f-8b63-5e554641afe3",
        "attributeType": "dynamic",
        "nodeType": "attribute"
      }
    ],
    "transformationBackup": [
      {
        "ID": "93ac65a5-06cb-4a8d-91c7-05996f68b213",
        "ModelID": "578c81a9-db89-439a-8e37-ab64a55076cc",
        "Name": "apiTransformation",
        "Schema": "{\"key\": \"value\"}"
      },
      {
        "ID": "e09a7fb2-9e08-474e-9e0d-ef8afa348ea9",
        "ModelID": "578c81a9-db89-439a-8e37-ab64a55076cc",
        "Name": "Simple schema",
        "Schema": "{\n\t\"value\": \"$value\",\n  \t\"timestamp\": \"$timestamp\"\n}"
      }
    ],
    "isUNS": false,
    "connectorName": ""
  }
]