[
  {
    "id": "68f0dcf8-ce9f-4b89-90fa-39b92c1d96fe",
    "assets": "ASSET",
    "name": "SCAI-Model",
    "description": "Lumber assembly Manufacturing",
    "image": "",
    "dynamicAttributes": [
      {
        "id": "1ee16676-ab3f-43b2-807b-c06573e34a50",
        "modelId": "68f0dcf8-ce9f-4b89-90fa-39b92c1d96fe",
        "parentId": "00000000-0000-0000-0000-000000000000",
        "instanceId": null,
        "topic": "",
        "name": "SC-TurnError",
        "unit": "",
        "dataType": "",
        "schemaId": "a840a2e9-f214-4d7e-8b4d-8a57ad055160",
        "skipParentKey": false
      },
      {
        "id": "22e4f78b-4738-416d-8247-fa44ac362ea0",
        "modelId": "68f0dcf8-ce9f-4b89-90fa-39b92c1d96fe",
        "parentId": "00000000-0000-0000-0000-000000000000",
        "instanceId": null,
        "topic": "",
        "name": "SC-LogGap",
        "unit": "",
        "dataType": "",
        "schemaId": "a840a2e9-f214-4d7e-8b4d-8a57ad055160",
        "skipParentKey": false
      },
      {
        "id": "5065f705-147a-4ce2-ba0c-df9cde04d6b9",
        "modelId": "68f0dcf8-ce9f-4b89-90fa-39b92c1d96fe",
        "parentId": "00000000-0000-0000-0000-000000000000",
        "instanceId": null,
        "topic": "",
        "name": "SC-ChipHeadDeviance",
        "unit": "",
        "dataType": "",
        "schemaId": "a840a2e9-f214-4d7e-8b4d-8a57ad055160",
        "skipParentKey": false
      },
      {
        "id": "6ed8352f-f43a-452f-9100-94126af591c8",
        "modelId": "68f0dcf8-ce9f-4b89-90fa-39b92c1d96fe",
        "parentId": "00000000-0000-0000-0000-000000000000",
        "instanceId": null,
        "topic": "",
        "name": "SC-SpeedInCut",
        "unit": "",
        "dataType": "",
        "schemaId": "a840a2e9-f214-4d7e-8b4d-8a57ad055160",
        "skipParentKey": false
      },
      {
        "id": "753c697e-efdc-487b-bbcb-7030435e2c7c",
        "modelId": "68f0dcf8-ce9f-4b89-90fa-39b92c1d96fe",
        "parentId": "00000000-0000-0000-0000-000000000000",
        "instanceId": null,
        "topic": "",
        "name": "SC-LogGap_DLI",
        "unit": "",
        "dataType": "",
        "schemaId": "a840a2e9-f214-4d7e-8b4d-8a57ad055160",
        "skipParentKey": false
      },
      {
        "id": "a4bcea57-2d4e-450e-a189-cf9fa8320fd8",
        "modelId": "68f0dcf8-ce9f-4b89-90fa-39b92c1d96fe",
        "parentId": "00000000-0000-0000-0000-000000000000",
        "instanceId": null,
        "topic": "",
        "name": "SC-TurnerServoVolt",
        "unit": "",
        "dataType": "",
        "schemaId": "a840a2e9-f214-4d7e-8b4d-8a57ad055160",
        "skipParentKey": false
      },
      {
        "id": "e7c96b45-4de4-4fd4-b072-e83a41f367f8",
        "modelId": "68f0dcf8-ce9f-4b89-90fa-39b92c1d96fe",
        "parentId": "00000000-0000-0000-0000-000000000000",
        "instanceId": null,
        "topic": "",
        "name": "SC-ConveyorSpeed",
        "unit": "",
        "dataType": "",
        "schemaId": "a840a2e9-f214-4d7e-8b4d-8a57ad055160",
        "skipParentKey": false
      }
    ],
    "staticAttributes": null,
    "hierarchyNodes": [
      {
        "id": "02970e86-bf1e-4652-a352-7cfaa19d9016",
        "modelId": "68f0dcf8-ce9f-4b89-90fa-39b92c1d96fe",
        "position": 3,
        "parentId": null,
        "name": "SC-SpeedInCut",
        "isFolder": false,
        "attributeId": "6ed8352f-f43a-452f-9100-94126af591c8",
        "attributeType": "dynamic",
        "nodeType": "attribute"
      },
      {
        "id": "0aeb16e3-51c6-46e5-951b-84f5e2d28fe2",
        "modelId": "68f0dcf8-ce9f-4b89-90fa-39b92c1d96fe",
        "position": 5,
        "parentId": null,
        "name": "SC-TurnerServoVolt",
        "isFolder": false,
        "attributeId": "a4bcea57-2d4e-450e-a189-cf9fa8320fd8",
        "attributeType": "dynamic",
        "nodeType": "attribute"
      },
      {
        "id": "3ec64f2d-29cf-4e58-ba02-25ba247e84ef",
        "modelId": "68f0dcf8-ce9f-4b89-90fa-39b92c1d96fe",
        "position": 2,
        "parentId": null,
        "name": "SC-ChipHeadDeviance",
        "isFolder": false,
        "attributeId": "5065f705-147a-4ce2-ba0c-df9cde04d6b9",
        "attributeType": "dynamic",
        "nodeType": "attribute"
      },
      {
        "id": "4427defb-689a-4a17-877c-00ffe29b42ef",
        "modelId": "68f0dcf8-ce9f-4b89-90fa-39b92c1d96fe",
        "position": 4,
        "parentId": null,
        "name": "SC-LogGap_DLI",
        "isFolder": false,
        "attributeId": "753c697e-efdc-487b-bbcb-7030435e2c7c",
        "attributeType": "dynamic",
        "nodeType": "attribute"
      },
      {
        "id": "7120b52d-0e2c-4b4e-9dc3-f33b37457df2",
        "modelId": "68f0dcf8-ce9f-4b89-90fa-39b92c1d96fe",
        "position": 0,
        "parentId": null,
        "name": "SC-TurnError",
        "isFolder": false,
        "attributeId": "1ee16676-ab3f-43b2-807b-c06573e34a50",
        "attributeType": "dynamic",
        "nodeType": "attribute"
      },
      {
        "id": "84a122b5-fb26-4fa1-a61c-65d778f242ac",
        "modelId": "68f0dcf8-ce9f-4b89-90fa-39b92c1d96fe",
        "position": 6,
        "parentId": null,
        "name": "SC-ConveyorSpeed",
        "isFolder": false,
        "attributeId": "e7c96b45-4de4-4fd4-b072-e83a41f367f8",
        "attributeType": "dynamic",
        "nodeType": "attribute"
      },
      {
        "id": "f7f9501e-ac57-43f2-af22-370f097ac4c7",
        "modelId": "68f0dcf8-ce9f-4b89-90fa-39b92c1d96fe",
        "position": 1,
        "parentId": null,
        "name": "SC-LogGap",
        "isFolder": false,
        "attributeId": "22e4f78b-4738-416d-8247-fa44ac362ea0",
        "attributeType": "dynamic",
        "nodeType": "attribute"
      }
    ],
    "transformationBackup": [
      {
        "ID": "2bc1f8d3-e54a-4568-b415-6ec91e7b1943",
        "ModelID": "68f0dcf8-ce9f-4b89-90fa-39b92c1d96fe",
        "Name": "apiTransformation",
        "Schema": "{\"key\": \"value\"}"
      },
      {
        "ID": "96ddeaa9-be78-4113-99dd-9ddcf8f9c05c",
        "ModelID": "68f0dcf8-ce9f-4b89-90fa-39b92c1d96fe",
        "Name": "Simple schema",
        "Schema": "{\n\t\"value\": \"$value\",\n  \t\"timestamp\": \"$timestamp\"\n}"
      },
      {
        "ID": "a840a2e9-f214-4d7e-8b4d-8a57ad055160",
        "ModelID": "68f0dcf8-ce9f-4b89-90fa-39b92c1d96fe",
        "Name": "SC_AIModel",
        "Schema": "{\n\t\"value\": \"$value\"\n }"
      }
    ],
    "isUNS": false,
    "connectorName": ""
  }
]