[
  {
    "id": "aa9e6af6-7bc0-4d02-af0f-dbc59273f3ef",
    "assets": "ASSET",
    "name": "SharpChain-Model",
    "description": "Lumber assembly Manufacturing",
    "image": "",
    "dynamicAttributes": [
      {
        "id": "08e50b52-0045-47b5-8fa4-db2f25646dd7",
        "modelId": "aa9e6af6-7bc0-4d02-af0f-dbc59273f3ef",
        "parentId": "00000000-0000-0000-0000-000000000000",
        "instanceId": null,
        "topic": "",
        "name": "Trim-02X04Count",
        "unit": "",
        "dataType": "",
        "schemaId": "0214c68b-690b-443a-9ed6-47b9835d250d",
        "skipParentKey": false
      },
      {
        "id": "34332a08-6f4d-4c68-8f68-ece1327224b4",
        "modelId": "aa9e6af6-7bc0-4d02-af0f-dbc59273f3ef",
        "parentId": "00000000-0000-0000-0000-000000000000",
        "instanceId": "00000000-0000-0000-0000-000000000000",
        "topic": "",
        "name": "SC-ProcessStopTime",
        "unit": "",
        "dataType": "",
        "schemaId": "0214c68b-690b-443a-9ed6-47b9835d250d",
        "skipParentKey": false
      },
      {
        "id": "3c7b8e31-fe0d-40e6-a2e1-b2769e5ea348",
        "modelId": "aa9e6af6-7bc0-4d02-af0f-dbc59273f3ef",
        "parentId": "00000000-0000-0000-0000-000000000000",
        "instanceId": "00000000-0000-0000-0000-000000000000",
        "topic": "",
        "name": "SC-ProcessStartTime",
        "unit": "",
        "dataType": "",
        "schemaId": "0214c68b-690b-443a-9ed6-47b9835d250d",
        "skipParentKey": false
      },
      {
        "id": "414bb667-2636-4dc4-ae45-cb361a853868",
        "modelId": "aa9e6af6-7bc0-4d02-af0f-dbc59273f3ef",
        "parentId": "00000000-0000-0000-0000-000000000000",
        "instanceId": "00000000-0000-0000-0000-000000000000",
        "topic": "",
        "name": "SC-ProcessID",
        "unit": "",
        "dataType": "",
        "schemaId": "0214c68b-690b-443a-9ed6-47b9835d250d",
        "skipParentKey": false
      },
      {
        "id": "4c1b748b-7069-4a61-82cf-39f310f0adeb",
        "modelId": "aa9e6af6-7bc0-4d02-af0f-dbc59273f3ef",
        "parentId": "00000000-0000-0000-0000-000000000000",
        "instanceId": "00000000-0000-0000-0000-000000000000",
        "topic": "",
        "name": "SC-FPM_CutSpeed",
        "unit": "",
        "dataType": "",
        "schemaId": "0214c68b-690b-443a-9ed6-47b9835d250d",
        "skipParentKey": false
      },
      {
        "id": "4e2aeac9-fb69-4389-befd-7ffc42591684",
        "modelId": "aa9e6af6-7bc0-4d02-af0f-dbc59273f3ef",
        "parentId": "00000000-0000-0000-0000-000000000000",
        "instanceId": null,
        "topic": "",
        "name": "Gang-Health",
        "unit": "",
        "dataType": "",
        "schemaId": "0214c68b-690b-443a-9ed6-47b9835d250d",
        "skipParentKey": false
      },
      {
        "id": "5760830e-b3a5-4fde-993a-ff345f7b1540",
        "modelId": "aa9e6af6-7bc0-4d02-af0f-dbc59273f3ef",
        "parentId": "00000000-0000-0000-0000-000000000000",
        "instanceId": null,
        "topic": "",
        "name": "Trim-02X10Count",
        "unit": "",
        "dataType": "",
        "schemaId": "0214c68b-690b-443a-9ed6-47b9835d250d",
        "skipParentKey": false
      },
      {
        "id": "58be4495-d21b-45a5-8184-307c2342d652",
        "modelId": "aa9e6af6-7bc0-4d02-af0f-dbc59273f3ef",
        "parentId": "00000000-0000-0000-0000-000000000000",
        "instanceId": null,
        "topic": "",
        "name": "Trim-02X06Count",
        "unit": "",
        "dataType": "",
        "schemaId": "0214c68b-690b-443a-9ed6-47b9835d250d",
        "skipParentKey": false
      },
      {
        "id": "5b7e7a1b-f72e-4161-afd1-7c7ed721385e",
        "modelId": "aa9e6af6-7bc0-4d02-af0f-dbc59273f3ef",
        "parentId": "00000000-0000-0000-0000-000000000000",
        "instanceId": null,
        "topic": "",
        "name": "Trim-Health",
        "unit": "",
        "dataType": "",
        "schemaId": "0214c68b-690b-443a-9ed6-47b9835d250d",
        "skipParentKey": false
      },
      {
        "id": "951d9301-dabb-4a51-952e-6ba01ad0357b",
        "modelId": "aa9e6af6-7bc0-4d02-af0f-dbc59273f3ef",
        "parentId": "00000000-0000-0000-0000-000000000000",
        "instanceId": null,
        "topic": "",
        "name": "Trim-LugCount",
        "unit": "",
        "dataType": "",
        "schemaId": "0214c68b-690b-443a-9ed6-47b9835d250d",
        "skipParentKey": false
      },
      {
        "id": "9d7181c9-975b-4de0-b9b7-b270ff85cd67",
        "modelId": "aa9e6af6-7bc0-4d02-af0f-dbc59273f3ef",
        "parentId": "00000000-0000-0000-0000-000000000000",
        "instanceId": null,
        "topic": "",
        "name": "Gang-Speed",
        "unit": "",
        "dataType": "",
        "schemaId": "0214c68b-690b-443a-9ed6-47b9835d250d",
        "skipParentKey": false
      },
      {
        "id": "ae207a2f-0328-4b0f-969b-b49ec14de844",
        "modelId": "aa9e6af6-7bc0-4d02-af0f-dbc59273f3ef",
        "parentId": "00000000-0000-0000-0000-000000000000",
        "instanceId": null,
        "topic": "",
        "name": "Trim-02X08Count",
        "unit": "",
        "dataType": "",
        "schemaId": "0214c68b-690b-443a-9ed6-47b9835d250d",
        "skipParentKey": false
      },
      {
        "id": "b61fe23b-2028-4843-9614-b13d2fde722c",
        "modelId": "aa9e6af6-7bc0-4d02-af0f-dbc59273f3ef",
        "parentId": "00000000-0000-0000-0000-000000000000",
        "instanceId": null,
        "topic": "",
        "name": "Trim-02X12Count",
        "unit": "",
        "dataType": "",
        "schemaId": "0214c68b-690b-443a-9ed6-47b9835d250d",
        "skipParentKey": false
      },
      {
        "id": "c25f9203-7e4e-4684-bd67-e8bf591fd57e",
        "modelId": "aa9e6af6-7bc0-4d02-af0f-dbc59273f3ef",
        "parentId": "00000000-0000-0000-0000-000000000000",
        "instanceId": null,
        "topic": "",
        "name": "Gang-Uptime",
        "unit": "",
        "dataType": "",
        "schemaId": "0214c68b-690b-443a-9ed6-47b9835d250d",
        "skipParentKey": false
      },
      {
        "id": "ec855919-6fbd-4658-b548-1a9c793d71c9",
        "modelId": "aa9e6af6-7bc0-4d02-af0f-dbc59273f3ef",
        "parentId": "00000000-0000-0000-0000-000000000000",
        "instanceId": null,
        "topic": "",
        "name": "Trim-Uptime",
        "unit": "",
        "dataType": "",
        "schemaId": "0214c68b-690b-443a-9ed6-47b9835d250d",
        "skipParentKey": false
      },
      {
        "id": "f834871e-5143-4330-b78c-d5520a7bc6b8",
        "modelId": "aa9e6af6-7bc0-4d02-af0f-dbc59273f3ef",
        "parentId": "00000000-0000-0000-0000-000000000000",
        "instanceId": "00000000-0000-0000-0000-000000000000",
        "topic": "",
        "name": "SC-Health",
        "unit": "",
        "dataType": "",
        "schemaId": "0214c68b-690b-443a-9ed6-47b9835d250d",
        "skipParentKey": false
      },
      {
        "id": "fdad5d86-0f83-4f59-a667-c8cc223f31f5",
        "modelId": "aa9e6af6-7bc0-4d02-af0f-dbc59273f3ef",
        "parentId": "00000000-0000-0000-0000-000000000000",
        "instanceId": "00000000-0000-0000-0000-000000000000",
        "topic": "",
        "name": "SC-MachineStatus",
        "unit": "",
        "dataType": "",
        "schemaId": "0214c68b-690b-443a-9ed6-47b9835d250d",
        "skipParentKey": false
      },
      {
        "id": "ffd14830-78e6-46cb-be5d-8431e84eefb4",
        "modelId": "aa9e6af6-7bc0-4d02-af0f-dbc59273f3ef",
        "parentId": "00000000-0000-0000-0000-000000000000",
        "instanceId": null,
        "topic": "",
        "name": "SC-Uptime",
        "unit": "",
        "dataType": "",
        "schemaId": "0214c68b-690b-443a-9ed6-47b9835d250d",
        "skipParentKey": false
      }
    ],
    "staticAttributes": [
      {
        "id": "1479edd7-daa4-410d-a662-cbbb230cd57e",
        "parentId": "00000000-0000-0000-0000-000000000000",
        "modelId": "aa9e6af6-7bc0-4d02-af0f-dbc59273f3ef",
        "instanceId": null,
        "key": "Area",
        "value": "BodyShop",
        "type": 0
      },
      {
        "id": "2ee17832-e66f-427c-b31e-ce95509cfa41",
        "parentId": "00000000-0000-0000-0000-000000000000",
        "modelId": "aa9e6af6-7bc0-4d02-af0f-dbc59273f3ef",
        "instanceId": null,
        "key": "Industry",
        "value": "Automobile",
        "type": 0
      },
      {
        "id": "6c44c5bf-83c2-48d3-b118-c3b342eb850a",
        "parentId": "00000000-0000-0000-0000-000000000000",
        "modelId": "aa9e6af6-7bc0-4d02-af0f-dbc59273f3ef",
        "instanceId": null,
        "key": "Capacity",
        "value": "500CarBodiesper day",
        "type": 0
      },
      {
        "id": "df0b3818-9669-42a7-a670-5dcbd7db6bae",
        "parentId": "00000000-0000-0000-0000-000000000000",
        "modelId": "aa9e6af6-7bc0-4d02-af0f-dbc59273f3ef",
        "instanceId": null,
        "key": "SiteName",
        "value": "Germany",
        "type": 0
      }
    ],
    "hierarchyNodes": [
      {
        "id": "03a99b44-1d32-4e5e-ac00-3c8d91a04058",
        "modelId": "aa9e6af6-7bc0-4d02-af0f-dbc59273f3ef",
        "position": 0,
        "parentId": "3e280bdb-14c3-4472-8dc1-c03df0b88a37",
        "name": "SiteName",
        "isFolder": false,
        "attributeId": "df0b3818-9669-42a7-a670-5dcbd7db6bae",
        "attributeType": "static",
        "nodeType": "attribute"
      },
      {
        "id": "05fdde61-64ef-43d2-b9f0-284e2ae9f910",
        "modelId": "aa9e6af6-7bc0-4d02-af0f-dbc59273f3ef",
        "position": 1,
        "parentId": "d832dd28-994c-4a16-947a-a12c4f4048b9",
        "name": "Gang-Speed",
        "isFolder": false,
        "attributeId": "9d7181c9-975b-4de0-b9b7-b270ff85cd67",
        "attributeType": "dynamic",
        "nodeType": "attribute"
      },
      {
        "id": "064a9f68-2496-40f6-bb26-beb7f33b9fda",
        "modelId": "aa9e6af6-7bc0-4d02-af0f-dbc59273f3ef",
        "position": 7,
        "parentId": "3d187eb6-1c0b-4fc2-91c2-c07b1715f18c",
        "name": "Trim-Uptime",
        "isFolder": false,
        "attributeId": "ec855919-6fbd-4658-b548-1a9c793d71c9",
        "attributeType": "dynamic",
        "nodeType": "attribute"
      },
      {
        "id": "11750c89-8ae3-4ed0-bfff-8b4c8ef859fb",
        "modelId": "aa9e6af6-7bc0-4d02-af0f-dbc59273f3ef",
        "position": 1,
        "parentId": null,
        "name": "Metadata",
        "isFolder": true,
        "attributeId": null,
        "attributeType": null,
        "nodeType": "folder"
      },
      {
        "id": "1da7d8cc-4450-4965-8f4d-38be6c032108",
        "modelId": "aa9e6af6-7bc0-4d02-af0f-dbc59273f3ef",
        "position": 0,
        "parentId": "d832dd28-994c-4a16-947a-a12c4f4048b9",
        "name": "Gang-Health",
        "isFolder": false,
        "attributeId": "4e2aeac9-fb69-4389-befd-7ffc42591684",
        "attributeType": "dynamic",
        "nodeType": "attribute"
      },
      {
        "id": "277e679a-3165-4751-b8b0-295b67dd3678",
        "modelId": "aa9e6af6-7bc0-4d02-af0f-dbc59273f3ef",
        "position": 0,
        "parentId": "3e280bdb-14c3-4472-8dc1-c03df0b88a37",
        "name": "Area",
        "isFolder": true,
        "attributeId": null,
        "attributeType": null,
        "nodeType": "folder"
      },
      {
        "id": "2ee91164-ddfc-425e-9c25-a61372dace80",
        "modelId": "aa9e6af6-7bc0-4d02-af0f-dbc59273f3ef",
        "position": 4,
        "parentId": "3d187eb6-1c0b-4fc2-91c2-c07b1715f18c",
        "name": "Trim-LugCount",
        "isFolder": false,
        "attributeId": "951d9301-dabb-4a51-952e-6ba01ad0357b",
        "attributeType": "dynamic",
        "nodeType": "attribute"
      },
      {
        "id": "2ffe46a3-54e8-4f92-a386-7659cebea338",
        "modelId": "aa9e6af6-7bc0-4d02-af0f-dbc59273f3ef",
        "position": 6,
        "parentId": "3d187eb6-1c0b-4fc2-91c2-c07b1715f18c",
        "name": "Trim-02X12Count",
        "isFolder": false,
        "attributeId": "b61fe23b-2028-4843-9614-b13d2fde722c",
        "attributeType": "dynamic",
        "nodeType": "attribute"
      },
      {
        "id": "376fc3a1-eea9-45e0-ab66-e90ca939af15",
        "modelId": "aa9e6af6-7bc0-4d02-af0f-dbc59273f3ef",
        "position": 1,
        "parentId": "11750c89-8ae3-4ed0-bfff-8b4c8ef859fb",
        "name": "Capacity",
        "isFolder": false,
        "attributeId": "6c44c5bf-83c2-48d3-b118-c3b342eb850a",
        "attributeType": "static",
        "nodeType": "attribute"
      },
      {
        "id": "3d187eb6-1c0b-4fc2-91c2-c07b1715f18c",
        "modelId": "aa9e6af6-7bc0-4d02-af0f-dbc59273f3ef",
        "position": 2,
        "parentId": "cf4f32ab-6116-456f-bec9-ae092cd16840",
        "name": "Asset-Trim",
        "isFolder": true,
        "attributeId": null,
        "attributeType": null,
        "nodeType": "folder"
      },
      {
        "id": "3e280bdb-14c3-4472-8dc1-c03df0b88a37",
        "modelId": "aa9e6af6-7bc0-4d02-af0f-dbc59273f3ef",
        "position": 0,
        "parentId": null,
        "name": "Site",
        "isFolder": true,
        "attributeId": null,
        "attributeType": null,
        "nodeType": "folder"
      },
      {
        "id": "45b4a266-26dc-4141-93aa-596fea2cf2e5",
        "modelId": "aa9e6af6-7bc0-4d02-af0f-dbc59273f3ef",
        "position": 0,
        "parentId": "5e410d24-f022-4b93-81fe-3421e5455acd",
        "name": "SC-FPM_CutSpeed",
        "isFolder": false,
        "attributeId": "4c1b748b-7069-4a61-82cf-39f310f0adeb",
        "attributeType": "dynamic",
        "nodeType": "attribute"
      },
      {
        "id": "52282afd-244c-4d2c-86dc-944b0a0ec29d",
        "modelId": "aa9e6af6-7bc0-4d02-af0f-dbc59273f3ef",
        "position": 2,
        "parentId": "d832dd28-994c-4a16-947a-a12c4f4048b9",
        "name": "Gang-Uptime",
        "isFolder": false,
        "attributeId": "c25f9203-7e4e-4684-bd67-e8bf591fd57e",
        "attributeType": "dynamic",
        "nodeType": "attribute"
      },
      {
        "id": "5e410d24-f022-4b93-81fe-3421e5455acd",
        "modelId": "aa9e6af6-7bc0-4d02-af0f-dbc59273f3ef",
        "position": 0,
        "parentId": "cf4f32ab-6116-456f-bec9-ae092cd16840",
        "name": "Asset-SC",
        "isFolder": true,
        "attributeId": null,
        "attributeType": null,
        "nodeType": "folder"
      },
      {
        "id": "61c42d66-958e-4bf1-8268-3206565c6789",
        "modelId": "aa9e6af6-7bc0-4d02-af0f-dbc59273f3ef",
        "position": 2,
        "parentId": "5e410d24-f022-4b93-81fe-3421e5455acd",
        "name": "SC-ProcessID",
        "isFolder": false,
        "attributeId": "414bb667-2636-4dc4-ae45-cb361a853868",
        "attributeType": "dynamic",
        "nodeType": "attribute"
      },
      {
        "id": "655a73e2-1b76-4751-a92a-7ac87f60238b",
        "modelId": "aa9e6af6-7bc0-4d02-af0f-dbc59273f3ef",
        "position": 2,
        "parentId": "3d187eb6-1c0b-4fc2-91c2-c07b1715f18c",
        "name": "Trim-02X06Count",
        "isFolder": false,
        "attributeId": "58be4495-d21b-45a5-8184-307c2342d652",
        "attributeType": "dynamic",
        "nodeType": "attribute"
      },
      {
        "id": "7d53e7e5-e038-42d0-86a3-41032d27472a",
        "modelId": "aa9e6af6-7bc0-4d02-af0f-dbc59273f3ef",
        "position": 3,
        "parentId": "5e410d24-f022-4b93-81fe-3421e5455acd",
        "name": "SC-Uptime",
        "isFolder": false,
        "attributeId": "ffd14830-78e6-46cb-be5d-8431e84eefb4",
        "attributeType": "dynamic",
        "nodeType": "attribute"
      },
      {
        "id": "7f20d505-d5f9-4a9e-b433-bb5c0dc1ed4e",
        "modelId": "aa9e6af6-7bc0-4d02-af0f-dbc59273f3ef",
        "position": 3,
        "parentId": "3d187eb6-1c0b-4fc2-91c2-c07b1715f18c",
        "name": "Trim-Health",
        "isFolder": false,
        "attributeId": "5b7e7a1b-f72e-4161-afd1-7c7ed721385e",
        "attributeType": "dynamic",
        "nodeType": "attribute"
      },
      {
        "id": "9b7e24cc-0327-41de-88e8-483ed2bd546b",
        "modelId": "aa9e6af6-7bc0-4d02-af0f-dbc59273f3ef",
        "position": 0,
        "parentId": "3d187eb6-1c0b-4fc2-91c2-c07b1715f18c",
        "name": "Trim-02X04Count",
        "isFolder": false,
        "attributeId": "08e50b52-0045-47b5-8fa4-db2f25646dd7",
        "attributeType": "dynamic",
        "nodeType": "attribute"
      },
      {
        "id": "a216cc15-a140-47b2-a9ac-4254bc5564f1",
        "modelId": "aa9e6af6-7bc0-4d02-af0f-dbc59273f3ef",
        "position": 5,
        "parentId": "3d187eb6-1c0b-4fc2-91c2-c07b1715f18c",
        "name": "Trim-02X08Count",
        "isFolder": false,
        "attributeId": "ae207a2f-0328-4b0f-969b-b49ec14de844",
        "attributeType": "dynamic",
        "nodeType": "attribute"
      },
      {
        "id": "b94b5852-ee32-48c8-bfd7-2b7fefb0d9ad",
        "modelId": "aa9e6af6-7bc0-4d02-af0f-dbc59273f3ef",
        "position": 1,
        "parentId": "11750c89-8ae3-4ed0-bfff-8b4c8ef859fb",
        "name": "Area",
        "isFolder": false,
        "attributeId": "1479edd7-daa4-410d-a662-cbbb230cd57e",
        "attributeType": "static",
        "nodeType": "attribute"
      },
      {
        "id": "c5cfc2e0-a2a1-42dc-b4d0-57cdc803326e",
        "modelId": "aa9e6af6-7bc0-4d02-af0f-dbc59273f3ef",
        "position": 0,
        "parentId": "3e280bdb-14c3-4472-8dc1-c03df0b88a37",
        "name": "Industry",
        "isFolder": false,
        "attributeId": "2ee17832-e66f-427c-b31e-ce95509cfa41",
        "attributeType": "static",
        "nodeType": "attribute"
      },
      {
        "id": "cf4f32ab-6116-456f-bec9-ae092cd16840",
        "modelId": "aa9e6af6-7bc0-4d02-af0f-dbc59273f3ef",
        "position": 0,
        "parentId": "277e679a-3165-4751-b8b0-295b67dd3678",
        "name": "Line",
        "isFolder": true,
        "attributeId": null,
        "attributeType": null,
        "nodeType": "folder"
      },
      {
        "id": "d832dd28-994c-4a16-947a-a12c4f4048b9",
        "modelId": "aa9e6af6-7bc0-4d02-af0f-dbc59273f3ef",
        "position": 1,
        "parentId": "cf4f32ab-6116-456f-bec9-ae092cd16840",
        "name": "Asset-Gang",
        "isFolder": true,
        "attributeId": null,
        "attributeType": null,
        "nodeType": "folder"
      },
      {
        "id": "e04d651a-ec4b-48e2-83ca-59241d77ffd9",
        "modelId": "aa9e6af6-7bc0-4d02-af0f-dbc59273f3ef",
        "position": 1,
        "parentId": "3d187eb6-1c0b-4fc2-91c2-c07b1715f18c",
        "name": "Trim-02X10Count",
        "isFolder": false,
        "attributeId": "5760830e-b3a5-4fde-993a-ff345f7b1540",
        "attributeType": "dynamic",
        "nodeType": "attribute"
      },
      {
        "id": "ec35548f-8a3a-441a-85bc-6a44d81177d6",
        "modelId": "aa9e6af6-7bc0-4d02-af0f-dbc59273f3ef",
        "position": 1,
        "parentId": "5e410d24-f022-4b93-81fe-3421e5455acd",
        "name": "SC-Health",
        "isFolder": false,
        "attributeId": "f834871e-5143-4330-b78c-d5520a7bc6b8",
        "attributeType": "dynamic",
        "nodeType": "attribute"
      }
    ],
    "transformationBackup": [
      {
        "ID": "0214c68b-690b-443a-9ed6-47b9835d250d",
        "ModelID": "aa9e6af6-7bc0-4d02-af0f-dbc59273f3ef",
        "Name": "Simple schema",
        "Schema": "{\n\t\"value\": \"$value\",\n  \t\"timestamp\": \"$timestamp\"\n}"
      },
      {
        "ID": "ff721325-9109-414f-819a-f0907ee815bd",
        "ModelID": "aa9e6af6-7bc0-4d02-af0f-dbc59273f3ef",
        "Name": "apiTransformation",
        "Schema": "{\"key\": \"value\"}"
      }
    ],
    "isUNS": false,
    "connectorName": ""
  }
]