Instance ID,Instance Name,Direction,Local Remote Topic,Remote Data Topic,Enable,Description
b4725a59-3912-414d-868d-02b33a513460,InfluxDB2,outbound,devicehub.alias.Asset_SharpChain.SharpChain_Speed_UCL,lumber/wy/line/sc,true,
b4725a59-3912-414d-868d-02b33a513460,InfluxDB2,outbound,devicehub.alias.Asset_SharpChain.BandMill_RightMotor_Voltage_LCL,lumber/wy/line/sc,true,
b4725a59-3912-414d-868d-02b33a513460,InfluxDB2,outbound,devicehub.alias.Asset_SharpChain.BandMill_Right_Motor_AMPS_LCL,lumber/wy/line/sc,true,
b4725a59-3912-414d-868d-02b33a513460,InfluxDB2,outbound,devicehub.alias.Asset_SharpChain.ProcessID,lumber/wy/line/sc,true,
b4725a59-3912-414d-868d-02b33a513460,InfluxDB2,outbound,devicehub.alias.Asset_SharpChain.BandMill_RightMotor_Voltage,lumber/wy/line/sc,true,
b4725a59-3912-414d-868d-02b33a513460,InfluxDB2,outbound,devicehub.alias.PlantA_Engine.Line1_Quality,lumber/wy/line,true,
b4725a59-3912-414d-868d-02b33a513460,InfluxDB2,outbound,devicehub.alias.Asset_SharpChain.Productive_Time,lumber/wy/line/sc,true,SharpChain Productive Time 5min pulse
b4725a59-3912-414d-868d-02b33a513460,InfluxDB2,outbound,devicehub.alias.Asset_SharpChain.TurnAngle,lumber/wy/line/sc,true,
b4725a59-3912-414d-868d-02b33a513460,InfluxDB2,outbound,devicehub.alias.Asset_SharpChain.ProcessStartTime,lumber/wy/line/sc,true,
b4725a59-3912-414d-868d-02b33a513460,InfluxDB2,outbound,devicehub.alias.Asset_SharpChain.Speed_FPM,lumber/wy/line/sc,true,
b4725a59-3912-414d-868d-02b33a513460,InfluxDB2,outbound,devicehub.alias.Asset_SharpChain.MachineStatus,lumber/wy/line/sc,true,
b4725a59-3912-414d-868d-02b33a513460,InfluxDB2,outbound,devicehub.alias.Asset_SharpChain.LogGap_Sec,lumber/wy/line/sc,true,
b4725a59-3912-414d-868d-02b33a513460,InfluxDB2,outbound,devicehub.alias.Asset_SharpChain.LogGap_DLI,lumber/wy/line/sc,true,
b4725a59-3912-414d-868d-02b33a513460,InfluxDB2,outbound,devicehub.alias.Asset_SharpChain.SharpChain_Speed_LCL,lumber/wy/line/sc,true,
b4725a59-3912-414d-868d-02b33a513460,InfluxDB2,outbound,devicehub.alias.Asset_SharpChain.Conveyor_SetFrequency,lumber/wy/line/sc,true,
b4725a59-3912-414d-868d-02b33a513460,InfluxDB2,outbound,devicehub.alias.Asset_SharpChain.ProcessStopTime,lumber/wy/line/sc,true,
b4725a59-3912-414d-868d-02b33a513460,InfluxDB2,outbound,devicehub.alias.Asset_SharpChain.isRunning,lumber/wy/line/sc,true,
b4725a59-3912-414d-868d-02b33a513460,InfluxDB2,outbound,devicehub.alias.Asset_SharpChain.Health,lumber/wy/line/sc,true,
b4725a59-3912-414d-868d-02b33a513460,InfluxDB2,outbound,devicehub.alias.Asset_SharpChain.RightChip_Head_Amps,lumber/wy/line/sc,true,
b4725a59-3912-414d-868d-02b33a513460,InfluxDB2,outbound,digitaltwins_SharpChain_AssetData,lumber/WY,false,
b4725a59-3912-414d-868d-02b33a513460,InfluxDB2,outbound,devicehub.alias.PlantA_Engine.Line1_Availability,lumber/wy/line,true,
b4725a59-3912-414d-868d-02b33a513460,InfluxDB2,outbound,devicehub.alias.Asset_SharpChain.BandMill_Right_Motor_AMPS_UCL,lumber/wy/line/sc,true,
b4725a59-3912-414d-868d-02b33a513460,InfluxDB2,outbound,devicehub.alias.Asset_SharpChain.Avg_Turn_Error,lumber/wy/line/sc,true,
b4725a59-3912-414d-868d-02b33a513460,InfluxDB2,outbound,devicehub.alias.Asset_SharpChain.BandMill_Right_Motor_AMPS,lumber/wy/line/sc,true,
b4725a59-3912-414d-868d-02b33a513460,InfluxDB2,outbound,devicehub.alias.Asset_SharpChain.BandMill_RightMotor_Voltage_UCL,lumber/wy/line/sc,true,
b4725a59-3912-414d-868d-02b33a513460,InfluxDB2,outbound,devicehub.alias.Asset_SharpChain.LogCount,lumber/wy/line/sc,true,
b4725a59-3912-414d-868d-02b33a513460,InfluxDB2,outbound,devicehub.alias.Asset_SharpChain.Board_Length,lumber/wy/line/sc,true,
b4725a59-3912-414d-868d-02b33a513460,InfluxDB2,outbound,devicehub.alias.PlantA_Engine.Line1_Performance,lumber/wy/line,true,
