deviceId,deviceName,driverName,name,tagName,description,valueType,registerId,publishCoV,tagFormula,metaData,PublishingInterval,pollingInterval,count,address,min_value,max_value,formula
0940C2B6-4EFC-4E06-ADFE-245A20B4776A,Test 1,OSI Agent Advanced,R,Temperature,,int16,96C3CA29-5DB0-45F6-9753-E0A8CB82F241,false,,,1,,,,,,
49B63C86-1882-4D88-8D10-A259408FE5EF,Asset-Gang,Generator,M,ProcessStartTime,,string,0B7DFB4B-2368-48E5-82DB-3F697EBD6E12,false,,,,20.0000000000,1,17,,,
49B63C86-1882-4D88-8D10-A259408FE5EF,Asset-Gang,Generator,M,Health,,bit,0F3E8D9E-F1C8-4E68-B356-97C8301CBCD9,false,,,,20.0000000000,1,32,,,
49B63C86-1882-4D88-8D10-A259408FE5EF,Asset-Gang,Generator,M,Cant_Length,,int64,20B565AE-CBFC-4260-866E-6BD1B2CC059E,false,,,,20.0000000000,1,11,,,
49B63C86-1882-4D88-8D10-A259408FE5EF,Asset-Gang,Generator,M,ProcessID,,int64,59473E98-866B-471A-B226-6F2893D8ECEF,false,,,,20.0000000000,1,16,,,
49B63C86-1882-4D88-8D10-A259408FE5EF,Asset-Gang,Generator,M,Productive_Time,Gang Productive Time 5min pulse,int64,76933B41-2805-49C8-A003-68EF3E737F82,false,,,,60.0000000000,1,1,,,
49B63C86-1882-4D88-8D10-A259408FE5EF,Asset-Gang,Generator,M,CantGap_Sec,,float64,783097DE-7895-4541-898B-16DC9EA3772C,false,,,,20.0000000000,1,15,,,
49B63C86-1882-4D88-8D10-A259408FE5EF,Asset-Gang,Generator,M,CantCount,,int64,8A41890F-F5A4-4341-934F-5D136F3BA44F,false,,,,20.0000000000,1,2,,,
49B63C86-1882-4D88-8D10-A259408FE5EF,Asset-Gang,Generator,M,Speed_FPM,,int64,A4AF6006-1D61-4682-96A6-48ED4275F7F2,false,,,,20.0000000000,1,5,,,
49B63C86-1882-4D88-8D10-A259408FE5EF,Asset-Gang,Generator,S,isRunning,,bit,B08A1ED8-2FDF-4BE7-8409-B163C393D322,false,,,,20.0000000000,1,12,0,1,sin(t/1000) * 2
49B63C86-1882-4D88-8D10-A259408FE5EF,Asset-Gang,Generator,M,Cant_Thickness,,int64,E33FA9AE-EC59-4A4E-9DFF-E6834F1C4058,false,,,,20.0000000000,1,21,,,
49B63C86-1882-4D88-8D10-A259408FE5EF,Asset-Gang,Generator,M,MachineStatus,,int64,E7F0FCCD-3632-4221-B608-27663DA5DC87,false,,,,20.0000000000,1,13,,,
49B63C86-1882-4D88-8D10-A259408FE5EF,Asset-Gang,Generator,M,ProcessStopTime,,string,FD1C0619-78A2-4439-9F85-468EC1EC8FE1,false,,,,20.0000000000,1,18,,,
65AB5A0E-6BF4-49CD-A2EA-3EF812B6435D,IMPDemo_UNS,Generator,S,AssetA_IsRunning,,bit,12959F71-90EC-4A94-AFE0-2EF19710F24E,false,,,,30.0000000000,1,1,0,1,sin(t/1000) * 2
65AB5A0E-6BF4-49CD-A2EA-3EF812B6435D,IMPDemo_UNS,Generator,M,AssetA_Kwh,,int64,357E663F-B3EA-48D3-BE7C-9752ACAA2B26,false,,,,30.0000000000,1,4,,,
65AB5A0E-6BF4-49CD-A2EA-3EF812B6435D,IMPDemo_UNS,Generator,M,Process1_StartTime,,string,B38FF7C1-E827-43BA-AD22-7AABA2487334,false,,,,30.0000000000,1,3,,,
65AB5A0E-6BF4-49CD-A2EA-3EF812B6435D,IMPDemo_UNS,Generator,M,ProcessID,,int64,B39F1A23-7901-49EA-8B1B-DC3CFC20C524,false,,,,30.0000000000,1,2,,,
65AB5A0E-6BF4-49CD-A2EA-3EF812B6435D,IMPDemo_UNS,Generator,M,AssetA_Status,,int64,F6C7D119-32DB-4E8B-B572-D06ED071749C,false,,,,30.0000000000,1,6,,,
65AB5A0E-6BF4-49CD-A2EA-3EF812B6435D,IMPDemo_UNS,Generator,M,Process_StopTime,,string,F8970C24-6F6C-4C48-85D5-B254390E4F7B,false,,,,30.0000000000,1,5,,,
9861F23D-39E0-4D5C-A8C3-4C3FF0400461,Asset-Trimmer,Generator,M,ProcessID,,int64,1B4CC596-4E93-4103-9621-62040A793A94,false,,,,20.0000000000,1,16,,,
9861F23D-39E0-4D5C-A8C3-4C3FF0400461,Asset-Trimmer,Generator,S,Board_Length,,int64,1CD742DD-D431-46B0-8A64-65892C4D65B2,false,,,,20.0000000000,1,11,0,20,sin(t/1000) * 2
9861F23D-39E0-4D5C-A8C3-4C3FF0400461,Asset-Trimmer,Generator,M,BoardCount_02X08,,int64,2A315586-9845-40E5-A6A7-2AC3CD4560D3,false,,,,20.0000000000,1,23,,,
9861F23D-39E0-4D5C-A8C3-4C3FF0400461,Asset-Trimmer,Generator,M,MachineStatus,,int64,39364BD8-C230-492A-9785-8CD079E1F69D,false,,,,20.0000000000,1,13,,,
9861F23D-39E0-4D5C-A8C3-4C3FF0400461,Asset-Trimmer,Generator,S,isRunning,,bit,48211B22-C1B3-4688-8D89-D2FB4378A59D,false,,,,20.0000000000,1,12,0,1,sin(t/1000) * 2
9861F23D-39E0-4D5C-A8C3-4C3FF0400461,Asset-Trimmer,Generator,M,ProcessStartTime,,string,6EC79684-3494-461E-A005-D7110ECC46B4,false,,,,20.0000000000,1,17,,,
9861F23D-39E0-4D5C-A8C3-4C3FF0400461,Asset-Trimmer,Generator,M,Speed_FPM,,int64,73ADCC60-AF15-47B8-ABDE-B094596240B3,false,,,,20.0000000000,1,5,,,
9861F23D-39E0-4D5C-A8C3-4C3FF0400461,Asset-Trimmer,Generator,M,Health,,bit,7A5D7D4E-3C14-4076-A52D-CDD4759775F8,false,,,,20.0000000000,1,32,,,
9861F23D-39E0-4D5C-A8C3-4C3FF0400461,Asset-Trimmer,Generator,M,BoardCount_02X06,,int64,7BC553A9-884D-40C9-8DB3-E752CF27A58A,false,,,,20.0000000000,1,22,,,
9861F23D-39E0-4D5C-A8C3-4C3FF0400461,Asset-Trimmer,Generator,M,Productive_Time,Trimmer Productive Time 5min pulse,int64,7FDCABDA-F2CB-49DF-AC23-C70532D71FDA,false,,,,60.0000000000,1,1,,,
9861F23D-39E0-4D5C-A8C3-4C3FF0400461,Asset-Trimmer,Generator,M,SorterDrive-Amps,,float64,91AB74BE-2529-4785-9A0E-BB6FB359A995,false,,,,20.0000000000,1,7,,,
9861F23D-39E0-4D5C-A8C3-4C3FF0400461,Asset-Trimmer,Generator,M,LugCount,,int64,D0341C87-0671-4939-8812-88B8A34BED14,false,,,,20.0000000000,1,2,,,
9861F23D-39E0-4D5C-A8C3-4C3FF0400461,Asset-Trimmer,Generator,M,BoardCount_02X12,,int64,D256C6BF-A504-4ABB-9E2B-8D4C30707661,false,,,,20.0000000000,1,25,,,
9861F23D-39E0-4D5C-A8C3-4C3FF0400461,Asset-Trimmer,Generator,M,BoardCount_02X04,,int64,DEC63513-20B2-4A3A-B9F4-B53AB5778D75,false,,,,20.0000000000,1,21,,,
9861F23D-39E0-4D5C-A8C3-4C3FF0400461,Asset-Trimmer,Generator,M,BoardCount_02X10,,int64,E07AE896-80B7-4B4B-A370-8DC91FFA4D8B,false,,,,20.0000000000,1,24,,,
9861F23D-39E0-4D5C-A8C3-4C3FF0400461,Asset-Trimmer,Generator,M,ProcessStopTime,,string,EA492DD6-5A0B-46A9-ACD0-4230E60931A7,false,,,,20.0000000000,1,18,,,
AC5F73A3-C59B-44C5-910F-3D1EB0503332,PlantA_Engine,Generator,S,isRunning,,int64,06B0A8C0-40F7-43D2-9F27-CB5A4A6BC084,false,,,,2.0000000000,1,1,0,1,sin(t/1000)*5
AC5F73A3-C59B-44C5-910F-3D1EB0503332,PlantA_Engine,Generator,S,speed,,int64,1178FDA9-3ABB-435C-8B8A-9B7AA0CEC6E9,false,,,,10.0000000000,1,12,-50,50,sin(t/1000) * 2
AC5F73A3-C59B-44C5-910F-3D1EB0503332,PlantA_Engine,Generator,M,Line1_Quality,Engine Line1 Quality,int64,1FFC1576-1F4F-41BB-9645-D7861FA91867,false,,,,5.0000000000,1,5,,,
AC5F73A3-C59B-44C5-910F-3D1EB0503332,PlantA_Engine,Generator,S,Mill1_LubricationOilPressure,Lubrication Oil Pressure,float64,474A3379-086D-4A4F-AE53-3BDC9FCC8E94,false,,,,5.0000000000,2,1,1,50,sin(t/1000) * 2
AC5F73A3-C59B-44C5-910F-3D1EB0503332,PlantA_Engine,Generator,S,Mill1_FeedRate,,int64,51EF5327-3C7B-4929-BC55-0773C0D3944C,false,,,,60.0000000000,1,1,0,10000,sin(t/1000) * 2
AC5F73A3-C59B-44C5-910F-3D1EB0503332,PlantA_Engine,Generator,S,CycleTime,,int64,66B8AEE5-B333-4137-8641-AC5501ABB66A,false,,,,2.0000000000,1,1,50,50,t/1000
AC5F73A3-C59B-44C5-910F-3D1EB0503332,PlantA_Engine,Generator,S,Mill1_AxisMotorCurrent,"Axis motor current (x,y,z)",int64,7A13786D-ACC6-448B-BF35-0AFFA4E39520,false,,,,5.0000000000,1,1,0,100,sin(t/1000) * 2
AC5F73A3-C59B-44C5-910F-3D1EB0503332,PlantA_Engine,Generator,M,ProductionRate,Engine Production Rate,float64,7A4CC733-5DE7-4628-87FF-904AD0CD1856,false,,,,5.0000000000,1,9,,,
AC5F73A3-C59B-44C5-910F-3D1EB0503332,PlantA_Engine,Generator,M,Line1_Performance,Engine Line1 Performance,int64,7F3C353A-43B7-45A1-A8C6-A2044D4AF84C,false,,,,5.0000000000,1,4,,,
AC5F73A3-C59B-44C5-910F-3D1EB0503332,PlantA_Engine,Generator,S,temperature,,float64,84D442CC-D4DB-49C2-97CB-13DC9A78FE7D,false,,,,5.0000000000,1,1,30,50,sin(t/1000) * 50
AC5F73A3-C59B-44C5-910F-3D1EB0503332,PlantA_Engine,Generator,S,Mill1_SpindleSpeed,,int64,8F7B0FDE-BBF8-456E-B384-BE048E2CE09D,false,,,,5.0000000000,1,1,0,20000,sin(t/1000) * 2
AC5F73A3-C59B-44C5-910F-3D1EB0503332,PlantA_Engine,Generator,M,Line1_Availability,Engine Line1 Availability,int64,942E8A25-48C9-4F84-B961-4714ACD7A8BC,false,,,,5.0000000000,1,3,,,
AC5F73A3-C59B-44C5-910F-3D1EB0503332,PlantA_Engine,Generator,M,Line1_QualityRate,Engine Line1 QualityRate,int64,9C458306-F43E-4CB0-9D24-1C55A7DF2A1C,false,,,,5.0000000000,1,6,,,
AC5F73A3-C59B-44C5-910F-3D1EB0503332,PlantA_Engine,Generator,M,Mill1_SpindleTemperature,Spindle Temperature,int64,9E39D338-6447-4AE1-AB8B-A6E2D0C11537,true,,,,5.0000000000,1,1,,,
AC5F73A3-C59B-44C5-910F-3D1EB0503332,PlantA_Engine,Generator,S,Mill1_Vibratioon,,float64,AA3BAE02-2FC6-4757-AB49-8B6A5EA634F1,false,,,,5.0000000000,1,1,0,10,sin(t/1000) * 2
AC5F73A3-C59B-44C5-910F-3D1EB0503332,PlantA_Engine,Generator,S,BadPart,,int64,C139CBA5-5936-4CD3-84E5-AA28E4C2505F,false,,,,2.0000000000,1,1,0,1,sin(t/1000)
AC5F73A3-C59B-44C5-910F-3D1EB0503332,PlantA_Engine,Generator,S,Mill1_Spindlemotorcurrent,Spindle Motor current in a,int64,C8DDA05D-2A56-4452-A282-D212F674C4BE,false,,,,5.0000000000,2,1,0,200,sin(t/1000) * 2
AC5F73A3-C59B-44C5-910F-3D1EB0503332,PlantA_Engine,Generator,M,GoodsMade,Engine Line1 QualityRate,int64,EBF1C1F2-910D-433F-995B-B8AC1DC8A177,false,,,,5.0000000000,1,7,,,
AC5F73A3-C59B-44C5-910F-3D1EB0503332,PlantA_Engine,Generator,M,MachineStatus,,bit,F36B0B1D-2BAB-4962-9370-339D081393B2,false,,,,30.0000000000,1,1,,,
AC5F73A3-C59B-44C5-910F-3D1EB0503332,PlantA_Engine,Generator,M,Line1_AvgCycleTime,Engine Line1 CycleTime,int64,FA7CF6DC-53B0-4A24-B29C-BA0A358517C1,false,,,,5.0000000000,1,7,,,
AC5F73A3-C59B-44C5-910F-3D1EB0503332,PlantA_Engine,Generator,S,PartMade,,int64,FEAE168E-C65D-439B-8169-7961FF9B4AEC,false,,,,2.0000000000,1,1,0,1,sin(t/1000)*2
AD09E50A-9E88-4148-AA49-FE62311FE280,Pharma_Sim,Generator,S,CycleTime,,int64,022AEEAB-9C5B-45DE-BAF6-BC5FFC135580,false,,,,2.0000000000,1,1,50,50,t/1000
AD09E50A-9E88-4148-AA49-FE62311FE280,Pharma_Sim,Generator,M,P1_Reactor1_SetPressure,,float64,03851F8C-60DB-4F02-86E9-17B336B8EAAD,false,,,,20.0000000000,1,18,,,
AD09E50A-9E88-4148-AA49-FE62311FE280,Pharma_Sim,Generator,M,MachineStatus,,bit,069B9624-EDBB-42F7-8F8A-82E132CF3658,false,,,,1.0000000000,1,1,,,
AD09E50A-9E88-4148-AA49-FE62311FE280,Pharma_Sim,Generator,S,isRunning,,int64,1CC5F358-EA73-4F25-B87B-2D4FCFB1BC55,false,,,,2.0000000000,1,1,0,1,sin(t/1000)*5
AD09E50A-9E88-4148-AA49-FE62311FE280,Pharma_Sim,Generator,M,P1_ProductName,,int64,2CAA93E6-5F70-4C67-AA35-D07BC4D3B98B,false,,,,20.0000000000,2,10,,,
AD09E50A-9E88-4148-AA49-FE62311FE280,Pharma_Sim,Generator,M,P1_CurrentStage,Batch Current Stage,int64,2E97D154-62DA-414B-A8CC-FF6000084D7C,true,,,,30.0000000000,1,11,,,
AD09E50A-9E88-4148-AA49-FE62311FE280,Pharma_Sim,Generator,M,P1_Reactor1_Pressure,,float64,336CD126-E85A-4599-973E-89B858A44797,false,,,,20.0000000000,1,20,,,
AD09E50A-9E88-4148-AA49-FE62311FE280,Pharma_Sim,Generator,M,P1_Reactor2_Pressure,,float64,37C92D33-9AE3-4B45-942C-92CA53775636,false,,,,20.0000000000,1,21,,,
AD09E50A-9E88-4148-AA49-FE62311FE280,Pharma_Sim,Generator,M,Line1_Performance,Engine Line1 Performance,int64,3D3CAF65-50B2-4585-9F9E-27D686E5492C,false,,,,5.0000000000,1,4,,,
AD09E50A-9E88-4148-AA49-FE62311FE280,Pharma_Sim,Generator,M,P1_Reactor1_SetTemperature,,float64,4BE7362B-E8E8-4942-8648-E40034701A93,false,,,,20.0000000000,1,16,,,
AD09E50A-9E88-4148-AA49-FE62311FE280,Pharma_Sim,Generator,M,P1_ActualYield,Engine Line1 Quality,int64,4CC31A72-2487-457E-BA85-8769B05929FE,false,,,,5.0000000000,1,51,,,
AD09E50A-9E88-4148-AA49-FE62311FE280,Pharma_Sim,Generator,S,temperature,,float64,506C3611-C66C-4E08-9406-C05BE0A77682,false,,,,5.0000000000,1,1,30,50,sin(t/1000) * 50
AD09E50A-9E88-4148-AA49-FE62311FE280,Pharma_Sim,Generator,M,Line1_QualityRate,Engine Line1 QualityRate,int64,543A8FCA-877B-40B7-9E74-06701FF6F873,false,,,,5.0000000000,1,6,,,
AD09E50A-9E88-4148-AA49-FE62311FE280,Pharma_Sim,Generator,M,Line1_Quality,Engine Line1 Quality,int64,546B801A-32FC-42B6-9A8E-3F319D7F7D56,false,,,,5.0000000000,1,5,,,
AD09E50A-9E88-4148-AA49-FE62311FE280,Pharma_Sim,Generator,M,Line1_AvgCycleTime,Engine Line1 CycleTime,int64,5A7CAAC7-91E8-4CB1-B05B-F6B97B19A866,false,,,,5.0000000000,1,7,,,
AD09E50A-9E88-4148-AA49-FE62311FE280,Pharma_Sim,Generator,M,P1_Reactor2_Temperature,,float64,5C9D1B90-248F-4489-8F77-BFFE106E416A,false,,,,20.0000000000,1,16,,,
AD09E50A-9E88-4148-AA49-FE62311FE280,Pharma_Sim,Generator,M,P1_ProjectYeild,Engine Line1 Quality,int64,5D2C2803-1408-4647-9239-6B6441CF4424,false,,,,5.0000000000,1,52,,,
AD09E50A-9E88-4148-AA49-FE62311FE280,Pharma_Sim,Generator,S,Mill1_AxisMotorCurrent,"Axis motor current (x,y,z)",int64,621D1EF5-7763-4916-A461-30A96765C196,false,,,,1.0000000000,1,1,0,100,sin(t/1000) * 2
AD09E50A-9E88-4148-AA49-FE62311FE280,Pharma_Sim,Generator,M,Line1_Availability,Engine Line1 Availability,int64,6B4E122D-97DB-45FA-8B13-F920D983BA3F,false,,,,5.0000000000,1,3,,,
AD09E50A-9E88-4148-AA49-FE62311FE280,Pharma_Sim,Generator,S,speed,,int64,85F4FD73-F16D-44CB-8CCC-E5003505DF93,false,,,,10.0000000000,1,12,-50,50,sin(t/1000) * 2
AD09E50A-9E88-4148-AA49-FE62311FE280,Pharma_Sim,Generator,M,P1_ProcessStartTime,Process Start Time,string,9053B3DA-77D9-446F-A7E5-836268B2E2EB,false,,,,30.0000000000,1,12,,,
AD09E50A-9E88-4148-AA49-FE62311FE280,Pharma_Sim,Generator,M,P1_Reactor2_SetPressure,,float64,B56AADFA-8244-418F-A64B-F18A6B2C30C9,false,,,,20.0000000000,1,19,,,
AD09E50A-9E88-4148-AA49-FE62311FE280,Pharma_Sim,Generator,M,P1_Reactor1_Temperature,,float64,B6FD9651-A861-4D38-8E7B-8BCF147025D2,false,,,,20.0000000000,1,15,,,
AD09E50A-9E88-4148-AA49-FE62311FE280,Pharma_Sim,Generator,S,Mill1_LubricationOilPressure,Lubrication Oil Pressure,float64,BADF843B-A344-4522-AFD6-D007B071F729,false,,,,1.0000000000,2,1,1,50,sin(t/1000) * 2
AD09E50A-9E88-4148-AA49-FE62311FE280,Pharma_Sim,Generator,S,PartMade,,int64,CB7364D2-0E84-44D2-97AF-2F34FBC56C5E,false,,,,2.0000000000,1,1,0,1,sin(t/1000)*2
AD09E50A-9E88-4148-AA49-FE62311FE280,Pharma_Sim,Generator,M,P1_Reactor2_SetTemperature,,float64,D628C815-9A41-4D14-ABC4-283E10CBEED7,false,,,,20.0000000000,1,17,,,
AD09E50A-9E88-4148-AA49-FE62311FE280,Pharma_Sim,Generator,S,BadPart,,int64,F14CC30D-B8D4-4AEB-8DAB-68D97ED40283,false,,,,2.0000000000,1,1,0,1,sin(t/1000)
AD09E50A-9E88-4148-AA49-FE62311FE280,Pharma_Sim,Generator,M,GoodsMade,Engine Line1 QualityRate,int64,F173C715-8BEC-45F3-87BE-FC2424B76034,false,,,,5.0000000000,1,7,,,
AD09E50A-9E88-4148-AA49-FE62311FE280,Pharma_Sim,Generator,M,P1_ProcessEstEndTime,Process Start Time,string,F40E0AD2-F343-4549-B6A1-AD3FCEA3E058,false,,,,30.0000000000,1,14,,,
AD09E50A-9E88-4148-AA49-FE62311FE280,Pharma_Sim,Generator,M,ProductionRate,Engine Production Rate,float64,F98287E2-4FF7-45F1-9302-49F20970B3A0,false,,,,5.0000000000,1,9,,,
F150F31C-92BF-4776-9FD0-702603978B95,IMPDemo1,Generator,M,P1_Reactor1_SetPressure,,float64,01061BC2-FCB1-4A73-9816-F1016E8D04EE,false,,,,20.0000000000,1,18,,,
F150F31C-92BF-4776-9FD0-702603978B95,IMPDemo1,Generator,M,P1_ProductName,,int64,09DE77A8-BAF2-488A-A86C-4FFFAF6046A9,false,,,,20.0000000000,2,10,,,
F150F31C-92BF-4776-9FD0-702603978B95,IMPDemo1,Generator,M,P1_Reactor2_SetPressure,,float64,15EF5615-5CC5-421B-A883-353E7B6DC78E,false,,,,20.0000000000,1,19,,,
F150F31C-92BF-4776-9FD0-702603978B95,IMPDemo1,Generator,M,P1_ProjectYeild,Engine Line1 Quality,int64,1B8F0F16-9042-465A-A5F2-8D85C1C1BA88,false,,,,5.0000000000,1,52,,,
F150F31C-92BF-4776-9FD0-702603978B95,IMPDemo1,Generator,M,P1_ProcessStartTime,Process Start Time,string,1D1A04D6-26D3-4C4E-8403-902074A0A0B5,false,,,,30.0000000000,1,12,,,
F150F31C-92BF-4776-9FD0-702603978B95,IMPDemo1,Generator,M,P1_Reactor2_Pressure,,float64,1EC9C143-BE68-4B57-BD9B-ECD2EC898633,false,,,,20.0000000000,1,21,,,
F150F31C-92BF-4776-9FD0-702603978B95,IMPDemo1,Generator,M,Line1_AvgCycleTime,Engine Line1 CycleTime,int64,221390D1-1168-421C-BEF1-7D7A95C64B72,false,,,,5.0000000000,1,7,,,
F150F31C-92BF-4776-9FD0-702603978B95,IMPDemo1,Generator,S,BadPart,,int64,26C67B88-2CBE-409E-89F8-28940AD98385,false,,,,2.0000000000,1,1,0,1,sin(t/1000)
F150F31C-92BF-4776-9FD0-702603978B95,IMPDemo1,Generator,M,P1_Reactor1_Pressure,,float64,27355230-7DC4-4FDC-90D3-D6F0A3E379F7,false,,,,20.0000000000,1,20,,,
F150F31C-92BF-4776-9FD0-702603978B95,IMPDemo1,Generator,M,P1_Reactor2_Temperature,,float64,2D02EB7C-730A-4F66-B7FE-E49C14C8634E,false,,,,20.0000000000,1,16,,,
F150F31C-92BF-4776-9FD0-702603978B95,IMPDemo1,Generator,M,P1_Reactor1_Temperature,,float64,311E11F9-BB94-48DF-BDD2-19C356BA4E32,false,,,,20.0000000000,1,15,,,
F150F31C-92BF-4776-9FD0-702603978B95,IMPDemo1,Generator,M,Line1_Performance,Engine Line1 Performance,int64,438A32F1-AD44-4E49-967D-B2BA7493A238,false,,,,5.0000000000,1,4,,,
F150F31C-92BF-4776-9FD0-702603978B95,IMPDemo1,Generator,M,ProductionRate,Engine Production Rate,float64,45018E96-536D-485B-957F-3C3EB243083F,false,,,,5.0000000000,1,9,,,
F150F31C-92BF-4776-9FD0-702603978B95,IMPDemo1,Generator,M,P1_Reactor1_SetTemperature,,float64,5A63BBE8-2795-4782-9E34-5D9231E7AF4B,false,,,,20.0000000000,1,16,,,
F150F31C-92BF-4776-9FD0-702603978B95,IMPDemo1,Generator,M,Line1_Quality,Engine Line1 Quality,int64,66A69F67-BE64-4B92-8E99-8275E67EFF6E,false,,,,5.0000000000,1,5,,,
F150F31C-92BF-4776-9FD0-702603978B95,IMPDemo1,Generator,S,Mill1_AxisMotorCurrent,"Axis motor current (x,y,z)",int64,6A3AE32D-E65F-43AD-B897-79849C7FD7F3,false,,,,1.0000000000,1,1,0,100,sin(t/1000) * 2
F150F31C-92BF-4776-9FD0-702603978B95,IMPDemo1,Generator,S,CycleTime,,int64,7639D9DC-581F-48C8-B77B-97ED9CC80894,false,,,,2.0000000000,1,1,50,50,t/1000
F150F31C-92BF-4776-9FD0-702603978B95,IMPDemo1,Generator,M,P1_ProcessEstEndTime,Process Start Time,string,827491E0-5CC6-46D1-AF3D-F6DAFCBED552,false,,,,30.0000000000,1,14,,,
F150F31C-92BF-4776-9FD0-702603978B95,IMPDemo1,Generator,M,P1_CurrentStage,Batch Current Stage,int64,86EE192A-1AE7-4079-9F59-9EAD35F78E8A,true,,,,30.0000000000,1,11,,,
F150F31C-92BF-4776-9FD0-702603978B95,IMPDemo1,Generator,M,P1_Reactor2_SetTemperature,,float64,89EE76DA-B8A6-4B5A-90AD-70894A64E27E,false,,,,20.0000000000,1,17,,,
F150F31C-92BF-4776-9FD0-702603978B95,IMPDemo1,Generator,S,isRunning,,int64,98B6DFEC-601C-4174-9CC3-1C7651D55362,false,,,,2.0000000000,1,1,0,1,sin(t/1000)*5
F150F31C-92BF-4776-9FD0-702603978B95,IMPDemo1,Generator,M,Line1_Availability,Engine Line1 Availability,int64,B15C4AAB-6312-4FF1-8865-571653245A6C,false,,,,5.0000000000,1,3,,,
F150F31C-92BF-4776-9FD0-702603978B95,IMPDemo1,Generator,M,Line1_QualityRate,Engine Line1 QualityRate,int64,B5FDC7B3-EFE5-451A-85C1-542E92ABBB70,false,,,,5.0000000000,1,6,,,
F150F31C-92BF-4776-9FD0-702603978B95,IMPDemo1,Generator,M,GoodsMade,Engine Line1 QualityRate,int64,B7C53AC1-4CF3-403E-9DD0-FDE6B3DCF2CE,false,,,,5.0000000000,1,7,,,
F150F31C-92BF-4776-9FD0-702603978B95,IMPDemo1,Generator,M,MachineStatus,,bit,B91E8C7C-BED5-431B-BF5B-C394C07B9502,false,,,,1.0000000000,1,1,,,
F150F31C-92BF-4776-9FD0-702603978B95,IMPDemo1,Generator,S,speed,,int64,C4FF8979-9822-46D1-94A6-AA19B48517C0,false,,,,10.0000000000,1,12,-50,50,sin(t/1000) * 2
F150F31C-92BF-4776-9FD0-702603978B95,IMPDemo1,Generator,M,P1_ActualYield,Engine Line1 Quality,int64,CCE57097-3063-4F55-A797-9F5B65A7EA4E,false,,,,5.0000000000,1,51,,,
F150F31C-92BF-4776-9FD0-702603978B95,IMPDemo1,Generator,S,temperature,,float64,D63F0AAC-C3A8-4E7F-94CC-12875BB498A2,false,,,,5.0000000000,1,1,30,50,sin(t/1000) * 50
F150F31C-92BF-4776-9FD0-702603978B95,IMPDemo1,Generator,S,Mill1_LubricationOilPressure,Lubrication Oil Pressure,float64,F358F279-E776-4A5F-B577-0B2106FB7DF1,false,,,,1.0000000000,2,1,1,50,sin(t/1000) * 2
F150F31C-92BF-4776-9FD0-702603978B95,IMPDemo1,Generator,S,PartMade,,int64,FB9B5295-25D8-4857-8ED8-C45BE7FA1098,false,,,,2.0000000000,1,1,0,1,sin(t/1000)*2
F6310430-496D-42D4-A79A-4115BFB3F87D,Asset-SharpChain,Generator,M,LogGap_DLI,,float64,05F76BE5-8935-418E-8FF4-F71113167C2C,false,,,,10.0000000000,1,3,,,
F6310430-496D-42D4-A79A-4115BFB3F87D,Asset-SharpChain,Generator,M,BandMill-Right-Motor-AMPS_LCL,,int64,1F5EA6B7-A950-4545-B826-01C09073EFB2,false,,,,10.0000000000,1,36,,,
F6310430-496D-42D4-A79A-4115BFB3F87D,Asset-SharpChain,Generator,M,LogGap_Sec,,float64,23111E8D-E15C-4F0D-9E8B-F94F1A4E15CD,false,,,,10.0000000000,1,15,,,
F6310430-496D-42D4-A79A-4115BFB3F87D,Asset-SharpChain,Generator,M,TurnAngle,,int64,28DF5B5E-0736-46B5-B153-E4F390D1E338,false,,,,20.0000000000,1,25,,,
F6310430-496D-42D4-A79A-4115BFB3F87D,Asset-SharpChain,Generator,M,Conveyor_SetFrequency,,int64,45090526-A449-45F0-A525-FE97CD8060E3,false,,,,10.0000000000,1,40,,,
F6310430-496D-42D4-A79A-4115BFB3F87D,Asset-SharpChain,Generator,M,MachineStatus,,int64,457B4CD1-BD77-4E96-9D51-D710321008CA,false,,,,10.0000000000,1,13,,,
F6310430-496D-42D4-A79A-4115BFB3F87D,Asset-SharpChain,Generator,M,RightChip-Head-Amps,,float64,49928FAF-DAC3-4078-BC87-BB216049BF88,false,,,,10.0000000000,1,7,,,
F6310430-496D-42D4-A79A-4115BFB3F87D,Asset-SharpChain,Generator,M,TurnerServoVoltage,,float64,49E32716-8A0B-4D2E-9089-BE96572A0397,false,,,,120.0000000000,1,38,,,
F6310430-496D-42D4-A79A-4115BFB3F87D,Asset-SharpChain,Generator,M,BandMill-Right-Motor-AMPS_UCL,,int64,54645609-778E-4737-8690-AD0A307B26BA,false,,,,10.0000000000,1,35,,,
F6310430-496D-42D4-A79A-4115BFB3F87D,Asset-SharpChain,Generator,M,ProcessStartTime,,string,6A2D507E-CCD9-4401-A18A-306C1F9C0677,false,,,,20.0000000000,1,17,,,
F6310430-496D-42D4-A79A-4115BFB3F87D,Asset-SharpChain,Generator,M,BandMill_RightMotor_Voltage,,float64,724518AB-934B-4B23-BDF8-0909560DBCE6,false,,,,10.0000000000,1,8,,,
F6310430-496D-42D4-A79A-4115BFB3F87D,Asset-SharpChain,Generator,M,Health,,bit,7B2D7251-EF80-4E00-BD72-730B84EB77F9,false,,,,5.0000000000,1,32,,,
F6310430-496D-42D4-A79A-4115BFB3F87D,Asset-SharpChain,Generator,M,ProcessID,,int64,7E6B21FB-390C-44FB-9962-94676CBDBD9B,false,,,,20.0000000000,1,16,,,
F6310430-496D-42D4-A79A-4115BFB3F87D,Asset-SharpChain,Generator,M,Productive_Time,SharpChain Productive Time 5min pulse,int64,833C79C8-4B81-4865-B348-A8042E08DA36,false,,,,60.0000000000,1,1,,,
F6310430-496D-42D4-A79A-4115BFB3F87D,Asset-SharpChain,Generator,M,BandMill_RightMotor_Voltage_LCL,,float64,8476EF6B-B692-49DB-8FB5-3EAC4DE238A1,false,,,,10.0000000000,1,38,,,
F6310430-496D-42D4-A79A-4115BFB3F87D,Asset-SharpChain,Generator,M,Speed_FPM,,int64,95319D98-F463-4DD0-8150-E9038CE9EACB,false,,,,10.0000000000,1,5,,,
F6310430-496D-42D4-A79A-4115BFB3F87D,Asset-SharpChain,Generator,M,LogCount,,int64,95BBAAC3-2BA8-48EF-A370-93F898FCBF27,false,,,,10.0000000000,1,2,,,
F6310430-496D-42D4-A79A-4115BFB3F87D,Asset-SharpChain,Generator,M,SharpChain-Speed_LCL,,int64,9DB25F87-4A36-49E5-90C7-7DB60C611B1A,false,,,,10.0000000000,1,34,,,
F6310430-496D-42D4-A79A-4115BFB3F87D,Asset-SharpChain,Generator,M,SpeedInCut,,int64,A7FE856D-2948-418B-9FBF-9B756467B95E,false,,,,120.0000000000,1,39,,,
F6310430-496D-42D4-A79A-4115BFB3F87D,Asset-SharpChain,Generator,M,SharpChain-Speed_UCL,,int64,AFE94F70-2AA9-4EA2-BEF5-53993C353A7D,false,,,,10.0000000000,1,33,,,
F6310430-496D-42D4-A79A-4115BFB3F87D,Asset-SharpChain,Generator,S,Board_Length,,int64,B2E1E8D9-93DF-459B-A510-08C10BA434D5,false,,,,20.0000000000,1,11,0,20,sin(t/1000) * 2
F6310430-496D-42D4-A79A-4115BFB3F87D,Asset-SharpChain,Generator,M,ChipHeadDeviance,,float64,C3D1DD08-4EC4-45A6-8027-37391924AF3A,false,,,,120.0000000000,1,40,,,
F6310430-496D-42D4-A79A-4115BFB3F87D,Asset-SharpChain,Generator,S,BandMill-Right-Motor-AMPS,,int64,DC8FCE8E-0891-4A71-8CC3-7DBA34ABA083,false,,,,10.0000000000,1,8,0,30,sin(t/1000) * 2
F6310430-496D-42D4-A79A-4115BFB3F87D,Asset-SharpChain,Generator,M,Avg_Turn_Error,,int64,E5606052-7B07-4264-A988-A7F8C9AA5134,false,,,,10.0000000000,1,41,,,
F6310430-496D-42D4-A79A-4115BFB3F87D,Asset-SharpChain,Generator,M,ProcessStopTime,,string,EECF30D3-73EB-40DB-8685-664E2165D659,false,,,,20.0000000000,1,18,,,
F6310430-496D-42D4-A79A-4115BFB3F87D,Asset-SharpChain,Generator,M,BandMill_RightMotor_Voltage_UCL,,float64,F1C5CD52-CAC2-4E72-962D-1CD79166A67D,false,,,,10.0000000000,1,37,,,
F6310430-496D-42D4-A79A-4115BFB3F87D,Asset-SharpChain,Generator,S,isRunning,,bit,F7DB07C6-78AA-4CDC-90F2-5E23C9D1A7AD,false,,,,0.1000000015,1,12,,,
