[{"id":"44b3a50aa76fcedb","type":"tab","label":"Flow 1","disabled":false,"info":"","env":[]},{"id":"8fa5a48eef30da30","type":"tab","label":"Flow 2","disabled":false,"info":"","env":[]},{"id":"4a95b3464c474366","type":"tab","label":"Flow 4","disabled":false,"info":"","env":[]},{"id":"e3e2148d5207be7c","type":"tab","label":"Flow 3","disabled":false,"info":"","env":[]},{"id":"78057b79d90c63d8","type":"tab","label":"Flow 5","disabled":false,"info":"","env":[]},{"id":"83a9830baa92222e","type":"Datahub Connect","ipadd":"127.0.0.1","port":"4222"},{"id":"d0102029f6c6bd52","type":"mqtt-broker","name":"","broker":"localhost","port":"1883","clientid":"","autoConnect":true,"usetls":false,"protocolVersion":"3","keepalive":"60","cleansession":true,"autoUnsubscribe":true,"birthTopic":"","birthQos":"0","birthRetain":"false","birthPayload":"","birthMsg":{},"closeTopic":"","closeQos":"0","closeRetain":"false","closePayload":"","closeMsg":{},"willTopic":"","willQos":"0","willRetain":"false","willPayload":"","willMsg":{},"userProps":"","sessionExpiry":""},{"id":"3609acaf067aac97","type":"mqtt-broker","name":"","broker":"10.131.111.166","port":"8883","clientid":"","autoConnect":true,"usetls":false,"protocolVersion":"4","keepalive":"60","cleansession":true,"autoUnsubscribe":true,"birthTopic":"","birthQos":"0","birthRetain":"false","birthPayload":"","birthMsg":{},"closeTopic":"","closeQos":"0","closeRetain":"false","closePayload":"","closeMsg":{},"willTopic":"","willQos":"0","willRetain":"false","willPayload":"","willMsg":{},"userProps":"","sessionExpiry":""},{"id":"65a95203d5965d02","type":"ui_group","name":"Monitor","tab":"74b4641ef75c5dc6","order":1,"disp":true,"width":"6","collapse":false,"className":""},{"id":"74b4641ef75c5dc6","type":"ui_tab","name":"Home","icon":"dashboard","disabled":false,"hidden":false},{"id":"12754f94c6bc820c","type":"ui_base","theme":{"name":"theme-light","lightTheme":{"default":"#0094CE","baseColor":"#0094CE","baseFont":"-apple-system,BlinkMacSystemFont,Segoe UI,Roboto,Oxygen-Sans,Ubuntu,Cantarell,Helvetica Neue,sans-serif","edited":true,"reset":false},"darkTheme":{"default":"#097479","baseColor":"#097479","baseFont":"-apple-system,BlinkMacSystemFont,Segoe UI,Roboto,Oxygen-Sans,Ubuntu,Cantarell,Helvetica Neue,sans-serif","edited":false},"customTheme":{"name":"Untitled Theme 1","default":"#4B7930","baseColor":"#4B7930","baseFont":"-apple-system,BlinkMacSystemFont,Segoe UI,Roboto,Oxygen-Sans,Ubuntu,Cantarell,Helvetica Neue,sans-serif"},"themeState":{"base-color":{"default":"#0094CE","value":"#0094CE","edited":false},"page-titlebar-backgroundColor":{"value":"#0094CE","edited":false},"page-backgroundColor":{"value":"#fafafa","edited":false},"page-sidebar-backgroundColor":{"value":"#ffffff","edited":false},"group-textColor":{"value":"#1bbfff","edited":false},"group-borderColor":{"value":"#ffffff","edited":false},"group-backgroundColor":{"value":"#ffffff","edited":false},"widget-textColor":{"value":"#111111","edited":false},"widget-backgroundColor":{"value":"#0094ce","edited":false},"widget-borderColor":{"value":"#ffffff","edited":false},"base-font":{"value":"-apple-system,BlinkMacSystemFont,Segoe UI,Roboto,Oxygen-Sans,Ubuntu,Cantarell,Helvetica Neue,sans-serif"}},"angularTheme":{"primary":"indigo","accents":"blue","warn":"red","background":"grey","palette":"light"}},"site":{"name":"Node-RED Dashboard","hideToolbar":"false","allowSwipe":"false","lockMenu":"false","allowTempTheme":"true","dateFormat":"DD/MM/YYYY","sizes":{"sx":48,"sy":48,"gx":6,"gy":6,"cx":6,"cy":6,"px":0,"py":0}}},{"id":"b98438c1093d32b6","type":"Datahub Connect","ipadd":"10.131.111.166","port":"8443"},{"id":"5497e640fcfdd118","type":"Datahub Connect","ipadd":"10.131.111.166","port":"8086"},{"id":"bb63bd3aec2ed8cd","type":"inject","z":"44b3a50aa76fcedb","name":"","props":[{"p":"payload"}],"repeat":"5","crontab":"","once":true,"onceDelay":"05","topic":"","payload":"{}","payloadType":"str","x":120,"y":180,"wires":[["a2c858f4ab40c7b1"]]},{"id":"3e5d2bca0e5b48d0","type":"function","z":"44b3a50aa76fcedb","name":"Ramp Generator","func":"let current = flow.get(\"ramp\") || 0;\nlet step = 5;\nlet max = 100;\n\ncurrent += step;\nif (current \u003e max) {\n    current = 0;\n}\nflow.set(\"ramp\", current);\nmsg.payload = current;\n\nreturn msg;","outputs":1,"timeout":0,"noerr":0,"initialize":"","finalize":"","libs":[],"x":1310,"y":420,"wires":[[]]},{"id":"19370e956b2f76c4","type":"debug","z":"44b3a50aa76fcedb","name":"debug 3","active":false,"tosidebar":true,"console":false,"tostatus":false,"complete":"payload","targetType":"msg","statusVal":"","statusType":"auto","x":900,"y":220,"wires":[]},{"id":"79e835388c80a6e0","type":"function","z":"44b3a50aa76fcedb","name":"Ramp Generator","func":"let topic = msg.topic || \"devicehub.alias.PlantA_Engine.Mill1_SpindleTemperature\";\nlet out1 = '{\"value\":25}';\nlet current = flow.get(topic) || 0;\nlet step = 5;\nlet max = 100;\n\ncurrent += step;\nif (current \u003e max) {\n    current = 0;\n}\n\nflow.set(topic, current);\nmsg.payload = {\"value\" : current };\nreturn msg;","outputs":1,"timeout":0,"noerr":0,"initialize":"","finalize":"","libs":[],"x":550,"y":180,"wires":[["19370e956b2f76c4","39f6dc06f5b227b5"]]},{"id":"a2c858f4ab40c7b1","type":"change","z":"44b3a50aa76fcedb","name":"Set topic","rules":[{"t":"set","p":"topic","pt":"msg","to":"devicehub.write.PlantA_Engine.Mill1_SpindleTemperature","tot":"str"}],"action":"","property":"","from":"","to":"","reg":false,"x":300,"y":180,"wires":[["79e835388c80a6e0"]]},{"id":"5f662794ae6e7e0c","type":"debug","z":"44b3a50aa76fcedb","name":"debug 4","active":true,"tosidebar":true,"console":false,"tostatus":false,"complete":"payload","targetType":"msg","statusVal":"","statusType":"auto","x":700,"y":100,"wires":[]},{"id":"9df179014b487877","type":"inject","z":"44b3a50aa76fcedb","name":"","props":[{"p":"payload"}],"repeat":"","crontab":"","once":false,"onceDelay":0.1,"topic":"","payload":"{\"value\":36}","payloadType":"str","x":1310,"y":380,"wires":[[]]},{"id":"55e2775de1edc8a1","type":"Datahub Publish","z":"44b3a50aa76fcedb","name":"SpindleTemperature","natc":"b98438c1093d32b6","topicname":"devicehub.write.PlantA_Engine.Mill1_SpindleTemperature","x":1100,"y":40,"wires":[]},{"id":"32b3dd354055e956","type":"Datahub Subscribe","z":"44b3a50aa76fcedb","name":"test","natc":"83a9830baa92222e","topicname":"devicehub.alias.Pharma_Sim.P1_Reactor1_Pressure","x":220,"y":100,"wires":[["5f662794ae6e7e0c"]]},{"id":"39f6dc06f5b227b5","type":"json","z":"44b3a50aa76fcedb","name":"","property":"payload","action":"","pretty":false,"x":990,"y":140,"wires":[["fe773e4a51aeccb3","55e2775de1edc8a1"]]},{"id":"fe773e4a51aeccb3","type":"debug","z":"44b3a50aa76fcedb","name":"debug 5","active":false,"tosidebar":true,"console":false,"tostatus":false,"complete":"payload","targetType":"msg","statusVal":"","statusType":"auto","x":1160,"y":140,"wires":[]},{"id":"dddc0355eefe5f5f","type":"inject","z":"8fa5a48eef30da30","name":"","props":[{"p":"payload"}],"repeat":"5","crontab":"","once":true,"onceDelay":"05","topic":"","payload":"{}","payloadType":"str","x":80,"y":60,"wires":[["dde92a9dac2bfd25"]]},{"id":"bcd35e7c1cca96ae","type":"debug","z":"8fa5a48eef30da30","name":"debug 6","active":false,"tosidebar":true,"console":false,"tostatus":false,"complete":"payload","targetType":"msg","statusVal":"","statusType":"auto","x":580,"y":100,"wires":[]},{"id":"4b227c298022d044","type":"function","z":"8fa5a48eef30da30","name":"Ramp Generator","func":"let topic = msg.topic || \"devicehub.alias.PlantA_Engine.Line1_Availability\";\nlet out1 = '{\"value\":25}';\nlet current = flow.get(topic) || 0;\nlet step = 1;\nlet max = 100;\n\ncurrent += step;\nif (current \u003e max) {\n    current = 25;\n}\n\nflow.set(topic, current);\nmsg.payload = {\"value\" : current };\nreturn msg;","outputs":1,"timeout":0,"noerr":0,"initialize":"","finalize":"","libs":[],"x":390,"y":60,"wires":[["bcd35e7c1cca96ae","34d0217e802ff152"]]},{"id":"dde92a9dac2bfd25","type":"change","z":"8fa5a48eef30da30","name":"Set topic","rules":[{"t":"set","p":"topic","pt":"msg","to":"devicehub.write.PlantA_Engine.Line1_Availability","tot":"str"}],"action":"","property":"","from":"","to":"","reg":false,"x":200,"y":60,"wires":[["4b227c298022d044"]]},{"id":"ac42d34b88924f6b","type":"debug","z":"8fa5a48eef30da30","name":"debug 7","active":true,"tosidebar":true,"console":false,"tostatus":false,"complete":"payload","targetType":"msg","statusVal":"","statusType":"auto","x":580,"y":140,"wires":[]},{"id":"c7ea053677f62246","type":"Datahub Publish","z":"8fa5a48eef30da30","name":"Line1 Availability","natc":"83a9830baa92222e","topicname":"devicehub.write.PlantA_Engine.Line1_Availability","x":760,"y":60,"wires":[]},{"id":"c4305f0bfc45b42b","type":"Datahub Subscribe","z":"8fa5a48eef30da30","name":"Line1 Availability","natc":"83a9830baa92222e","topicname":"devicehub.alias.PlantA_Engine.Line1_Availability","x":100,"y":140,"wires":[["ac42d34b88924f6b"]]},{"id":"34d0217e802ff152","type":"json","z":"8fa5a48eef30da30","name":"","property":"payload","action":"","pretty":false,"x":590,"y":60,"wires":[["c7ea053677f62246"]]},{"id":"19ad88961477b35b","type":"inject","z":"8fa5a48eef30da30","name":"","props":[{"p":"payload"}],"repeat":"5","crontab":"","once":true,"onceDelay":"05","topic":"","payload":"{}","payloadType":"str","x":80,"y":200,"wires":[["2b6f0bc21a8f94bf"]]},{"id":"d9d0eb7eed5516b8","type":"debug","z":"8fa5a48eef30da30","name":"debug 9","active":false,"tosidebar":true,"console":false,"tostatus":false,"complete":"payload","targetType":"msg","statusVal":"","statusType":"auto","x":580,"y":240,"wires":[]},{"id":"ae76c7958792462e","type":"function","z":"8fa5a48eef30da30","name":"Ramp Generator","func":"let topic = msg.topic || \"devicehub.alias.PlantA_Engine.Line1_Performance\";\nlet out1 = '{\"value\":25}';\nlet current = flow.get(topic) || 0;\nlet step = 2;\nlet max = 100;\n\ncurrent += step;\nif (current \u003e max) {\n    current = 40;\n}\n\nflow.set(topic, current);\nmsg.payload = {\"value\" : current };\nreturn msg;","outputs":1,"timeout":0,"noerr":0,"initialize":"","finalize":"","libs":[],"x":390,"y":200,"wires":[["d9d0eb7eed5516b8","4bfdba92a843afea"]]},{"id":"2b6f0bc21a8f94bf","type":"change","z":"8fa5a48eef30da30","name":"Set topic","rules":[{"t":"set","p":"topic","pt":"msg","to":"devicehub.write.PlantA_Engine.Line1_Performance","tot":"str"}],"action":"","property":"","from":"","to":"","reg":false,"x":200,"y":200,"wires":[["ae76c7958792462e"]]},{"id":"9de5cc87a57c5e9c","type":"debug","z":"8fa5a48eef30da30","name":"debug 10","active":false,"tosidebar":true,"console":false,"tostatus":false,"complete":"payload","targetType":"msg","statusVal":"","statusType":"auto","x":580,"y":280,"wires":[]},{"id":"45c142cdcfbf89c6","type":"Datahub Publish","z":"8fa5a48eef30da30","name":"Line1 Performance","natc":"83a9830baa92222e","topicname":"devicehub.write.PlantA_Engine.Line1_Performance","x":770,"y":200,"wires":[]},{"id":"a7a4b48be26acb64","type":"Datahub Subscribe","z":"8fa5a48eef30da30","name":"Line1 Performance","natc":"83a9830baa92222e","topicname":"devicehub.alias.PlantA_Engine.Line1_Performance","x":110,"y":280,"wires":[["9de5cc87a57c5e9c"]]},{"id":"4bfdba92a843afea","type":"json","z":"8fa5a48eef30da30","name":"","property":"payload","action":"","pretty":false,"x":590,"y":200,"wires":[["6b054e50ec777408","45c142cdcfbf89c6"]]},{"id":"6b054e50ec777408","type":"debug","z":"8fa5a48eef30da30","name":"debug 11","active":false,"tosidebar":true,"console":false,"tostatus":false,"complete":"payload","targetType":"msg","statusVal":"","statusType":"auto","x":740,"y":240,"wires":[]},{"id":"92929b54e730de6e","type":"inject","z":"8fa5a48eef30da30","name":"","props":[{"p":"payload"}],"repeat":"5","crontab":"","once":true,"onceDelay":"05","topic":"","payload":"{}","payloadType":"str","x":60,"y":340,"wires":[["a7ce29c88a522dd6"]]},{"id":"192d0aaf3c895c15","type":"debug","z":"8fa5a48eef30da30","name":"debug 12","active":false,"tosidebar":true,"console":false,"tostatus":false,"complete":"payload","targetType":"msg","statusVal":"","statusType":"auto","x":560,"y":380,"wires":[]},{"id":"5ad4e8baeeff56ed","type":"function","z":"8fa5a48eef30da30","name":"Ramp Generator","func":"let topic = msg.topic || \"devicehub.alias.PlantA_Engine.Line1_Quality\";\nlet out1 = '{\"value\":25}';\nlet current = flow.get(topic) || 0;\nlet step = 2;\nlet max = 100;\n\ncurrent += step;\nif (current \u003e max) {\n    current = 30;\n}\n\nflow.set(topic, current);\nmsg.payload = {\"value\" : current };\nreturn msg;","outputs":1,"timeout":0,"noerr":0,"initialize":"","finalize":"","libs":[],"x":370,"y":340,"wires":[["192d0aaf3c895c15","a1dcb09325062c70"]]},{"id":"a7ce29c88a522dd6","type":"change","z":"8fa5a48eef30da30","name":"Set topic","rules":[{"t":"set","p":"topic","pt":"msg","to":"devicehub.write.PlantA_Engine.Line1_Quality","tot":"str"}],"action":"","property":"","from":"","to":"","reg":false,"x":180,"y":340,"wires":[["5ad4e8baeeff56ed"]]},{"id":"8e1c3fecfa9a0879","type":"debug","z":"8fa5a48eef30da30","name":"debug 13","active":false,"tosidebar":true,"console":false,"tostatus":false,"complete":"payload","targetType":"msg","statusVal":"","statusType":"auto","x":560,"y":420,"wires":[]},{"id":"7ae51965e9704c4c","type":"Datahub Publish","z":"8fa5a48eef30da30","name":"Line1 Quality","natc":"83a9830baa92222e","topicname":"devicehub.write.PlantA_Engine.Line1_Quality","x":730,"y":340,"wires":[]},{"id":"cde4000b24d6f272","type":"Datahub Subscribe","z":"8fa5a48eef30da30","name":"Line1 Quality","natc":"83a9830baa92222e","topicname":"devicehub.alias.PlantA_Engine.Line1_Quality","x":90,"y":420,"wires":[["8e1c3fecfa9a0879"]]},{"id":"a1dcb09325062c70","type":"json","z":"8fa5a48eef30da30","name":"","property":"payload","action":"","pretty":false,"x":570,"y":340,"wires":[["5fef38cc8bac2027","7ae51965e9704c4c"]]},{"id":"5fef38cc8bac2027","type":"debug","z":"8fa5a48eef30da30","name":"debug 14","active":false,"tosidebar":true,"console":false,"tostatus":false,"complete":"payload","targetType":"msg","statusVal":"","statusType":"auto","x":720,"y":380,"wires":[]},{"id":"db3861a722727cfd","type":"inject","z":"8fa5a48eef30da30","name":"","props":[{"p":"payload"}],"repeat":"5","crontab":"","once":true,"onceDelay":"05","topic":"","payload":"{}","payloadType":"str","x":500,"y":480,"wires":[["a9cb5f57d4762775"]]},{"id":"e4176b98538c0d7a","type":"debug","z":"8fa5a48eef30da30","name":"debug 15","active":false,"tosidebar":true,"console":false,"tostatus":false,"complete":"payload","targetType":"msg","statusVal":"","statusType":"auto","x":1000,"y":520,"wires":[]},{"id":"41f452df7c7d2272","type":"function","z":"8fa5a48eef30da30","name":"Ramp Generator","func":"let topic = msg.topic || \"devicehub.alias.PlantA_Engine.GoodsMade\";\nlet out1 = '{\"value\":25}';\nlet current = flow.get(topic) || 0;\nlet step = 9;\nlet max = 50000;\n\ncurrent += step;\nif (current \u003e max) {\n    current = 9;\n}\n\nflow.set(topic, current);\nmsg.payload = {\"value\" : current };\nreturn msg;","outputs":1,"timeout":0,"noerr":0,"initialize":"","finalize":"","libs":[],"x":810,"y":480,"wires":[["e4176b98538c0d7a","430e8db99c243c60"]]},{"id":"a9cb5f57d4762775","type":"change","z":"8fa5a48eef30da30","name":"Set topic","rules":[{"t":"set","p":"topic","pt":"msg","to":"devicehub.write.PlantA_Engine.GoodsMade","tot":"str"}],"action":"","property":"","from":"","to":"","reg":false,"x":620,"y":480,"wires":[["41f452df7c7d2272"]]},{"id":"58631c868c017356","type":"debug","z":"8fa5a48eef30da30","name":"debug 16","active":false,"tosidebar":true,"console":false,"tostatus":false,"complete":"payload","targetType":"msg","statusVal":"","statusType":"auto","x":1000,"y":560,"wires":[]},{"id":"7843706f5ce1bf5b","type":"Datahub Publish","z":"8fa5a48eef30da30","name":"Line1 Goods Made","natc":"83a9830baa92222e","topicname":"devicehub.write.PlantA_Engine.GoodsMade","x":1190,"y":480,"wires":[]},{"id":"45cf09ba8fc0d355","type":"Datahub Subscribe","z":"8fa5a48eef30da30","name":"Line1 GoodsMade","natc":"83a9830baa92222e","topicname":"devicehub.alias.PlantA_Engine.GoodsMade","x":550,"y":560,"wires":[["58631c868c017356"]]},{"id":"430e8db99c243c60","type":"json","z":"8fa5a48eef30da30","name":"","property":"payload","action":"","pretty":false,"x":1010,"y":480,"wires":[["8049a54130268ef8","7843706f5ce1bf5b"]]},{"id":"8049a54130268ef8","type":"debug","z":"8fa5a48eef30da30","name":"debug 17","active":false,"tosidebar":true,"console":false,"tostatus":false,"complete":"payload","targetType":"msg","statusVal":"","statusType":"auto","x":1160,"y":520,"wires":[]},{"id":"f6254688814ec2c2","type":"inject","z":"8fa5a48eef30da30","name":"","props":[{"p":"payload"}],"repeat":"5","crontab":"","once":true,"onceDelay":"05","topic":"","payload":"{}","payloadType":"str","x":940,"y":120,"wires":[["22d56b0a5ac52f1c"]]},{"id":"f3da083c5f9598d0","type":"debug","z":"8fa5a48eef30da30","name":"debug 18","active":false,"tosidebar":true,"console":false,"tostatus":false,"complete":"payload","targetType":"msg","statusVal":"","statusType":"auto","x":1440,"y":160,"wires":[]},{"id":"730ebd5ec5869deb","type":"function","z":"8fa5a48eef30da30","name":"Ramp Generator","func":"let topic = msg.topic || \"devicehub.alias.PlantA_Engine.ProductionRate\";\nlet out1 = '{\"value\":25}';\nlet current = flow.get(topic) || 0;\nlet step = 9;\nlet variation = Math.random() * 0.2 - 0.1;\nlet adjustedRate = 1 * (1 + variation);\nlet max = 100;\n\ncurrent = adjustedRate;\nif (current \u003e max) {\n    current = 9;\n}\n\nflow.set(topic, current);\nmsg.payload = {\"value\" : current };\nreturn msg;","outputs":1,"timeout":0,"noerr":0,"initialize":"","finalize":"","libs":[],"x":1250,"y":120,"wires":[["f3da083c5f9598d0","f53f3f1323c6f051"]]},{"id":"22d56b0a5ac52f1c","type":"change","z":"8fa5a48eef30da30","name":"Set topic","rules":[{"t":"set","p":"topic","pt":"msg","to":"devicehub.write.PlantA_Engine.ProductionRate","tot":"str"}],"action":"","property":"","from":"","to":"","reg":false,"x":1060,"y":120,"wires":[["730ebd5ec5869deb"]]},{"id":"c256672d34ba5f5d","type":"debug","z":"8fa5a48eef30da30","name":"debug 19","active":false,"tosidebar":true,"console":false,"tostatus":false,"complete":"payload","targetType":"msg","statusVal":"","statusType":"auto","x":1440,"y":200,"wires":[]},{"id":"f01d20e25289e1d1","type":"Datahub Publish","z":"8fa5a48eef30da30","name":"Line1 Production Rate","natc":"83a9830baa92222e","topicname":"devicehub.write.PlantA_Engine.ProductionRate","x":1640,"y":120,"wires":[]},{"id":"b86f2e3c6cba9edd","type":"Datahub Subscribe","z":"8fa5a48eef30da30","name":"Line1 ProductionRate","natc":"83a9830baa92222e","topicname":"devicehub.alias.PlantA_Engine.ProductionRate","x":1000,"y":200,"wires":[["c256672d34ba5f5d"]]},{"id":"f53f3f1323c6f051","type":"json","z":"8fa5a48eef30da30","name":"","property":"payload","action":"","pretty":false,"x":1450,"y":120,"wires":[["affdd1318429242b","f01d20e25289e1d1"]]},{"id":"affdd1318429242b","type":"debug","z":"8fa5a48eef30da30","name":"debug 20","active":false,"tosidebar":true,"console":false,"tostatus":false,"complete":"payload","targetType":"msg","statusVal":"","statusType":"auto","x":1600,"y":160,"wires":[]},{"id":"1177e0cd1c44900d","type":"inject","z":"4a95b3464c474366","name":"","props":[{"p":"payload"}],"repeat":"5","crontab":"","once":true,"onceDelay":"05","topic":"","payload":"{}","payloadType":"str","x":80,"y":60,"wires":[["a3872b35c7a24407"]]},{"id":"b5277a86791d9cb4","type":"debug","z":"4a95b3464c474366","name":"debug 21","active":false,"tosidebar":true,"console":false,"tostatus":false,"complete":"payload","targetType":"msg","statusVal":"","statusType":"auto","x":580,"y":100,"wires":[]},{"id":"a6661e319d34f4bb","type":"function","z":"4a95b3464c474366","name":"Ramp Generator","func":"let topic = msg.topic || \"devicehub.alias.Pharma_Sim.P1_Reactor1_Temperature\";\nlet out1 = '{\"value\":25}';\nlet current = flow.get(topic) || 0;\nlet step = 2;\nlet max = 100;\n\ncurrent += step;\nif (current \u003e max) {\n    current = 60;\n}\n\nflow.set(topic, current);\nmsg.payload = {\"value\" : current };\nreturn msg;","outputs":1,"timeout":0,"noerr":0,"initialize":"","finalize":"","libs":[],"x":390,"y":60,"wires":[["b5277a86791d9cb4","e15d67c4b080f598"]]},{"id":"a3872b35c7a24407","type":"change","z":"4a95b3464c474366","name":"Set topic","rules":[{"t":"set","p":"topic","pt":"msg","to":"devicehub.write.Pharma_Sim.P1_Reactor1_Temperature","tot":"str"}],"action":"","property":"","from":"","to":"","reg":false,"x":200,"y":60,"wires":[["a6661e319d34f4bb"]]},{"id":"eb510a0ad1a54b93","type":"debug","z":"4a95b3464c474366","name":"debug 22","active":true,"tosidebar":true,"console":false,"tostatus":false,"complete":"payload","targetType":"msg","statusVal":"","statusType":"auto","x":400,"y":140,"wires":[]},{"id":"fd6ad774d43b1132","type":"Datahub Publish","z":"4a95b3464c474366","name":"Reactor1 Temp","natc":"b98438c1093d32b6","topicname":"devicehub.write.Pharma_Sim.P1_Reactor1_Temperature","x":600,"y":60,"wires":[]},{"id":"7a77c3b3e77d63cb","type":"Datahub Subscribe","z":"4a95b3464c474366","name":"Reactor1 Temp","natc":"b98438c1093d32b6","topicname":"devicehub.alias.Pharma_Sim.P1_Reactor1_Temperature","x":120,"y":140,"wires":[["eb510a0ad1a54b93"]]},{"id":"e15d67c4b080f598","type":"json","z":"4a95b3464c474366","name":"","property":"payload","action":"","pretty":false,"x":430,"y":20,"wires":[["fd6ad774d43b1132"]]},{"id":"e7aaf7edc664b51f","type":"inject","z":"4a95b3464c474366","name":"","props":[{"p":"payload"}],"repeat":"5","crontab":"","once":true,"onceDelay":"05","topic":"","payload":"{}","payloadType":"str","x":80,"y":220,"wires":[["b1c7becb2e5c30b7"]]},{"id":"6bdfee4a2e4b55fd","type":"debug","z":"4a95b3464c474366","name":"debug 23","active":false,"tosidebar":true,"console":false,"tostatus":false,"complete":"payload","targetType":"msg","statusVal":"","statusType":"auto","x":580,"y":260,"wires":[]},{"id":"398ad96a2ee92e2e","type":"function","z":"4a95b3464c474366","name":"Ramp Generator","func":"let topic = msg.topic || \"devicehub.alias.Pharma_Sim.P1_Reactor2_Temperature\";\nlet out1 = '{\"value\":25}';\nlet current = flow.get(topic) || 0;\nlet step = 1;\nlet max = 90;\n\ncurrent += step;\nif (current \u003e max) {\n    current = 70;\n}\n\nflow.set(topic, current);\nmsg.payload = {\"value\" : current };\nreturn msg;","outputs":1,"timeout":0,"noerr":0,"initialize":"","finalize":"","libs":[],"x":390,"y":220,"wires":[["6bdfee4a2e4b55fd","6141e364a932e750"]]},{"id":"b1c7becb2e5c30b7","type":"change","z":"4a95b3464c474366","name":"Set topic","rules":[{"t":"set","p":"topic","pt":"msg","to":"devicehub.write.Pharma_Sim.P1_Reactor2_Temperature","tot":"str"}],"action":"","property":"","from":"","to":"","reg":false,"x":200,"y":220,"wires":[["398ad96a2ee92e2e"]]},{"id":"436965c5b9e2e820","type":"debug","z":"4a95b3464c474366","name":"debug 24","active":true,"tosidebar":true,"console":false,"tostatus":false,"complete":"payload","targetType":"msg","statusVal":"","statusType":"auto","x":400,"y":300,"wires":[]},{"id":"d8467d06bb33a323","type":"Datahub Publish","z":"4a95b3464c474366","name":"Reactor2 Temp","natc":"83a9830baa92222e","topicname":"devicehub.write.Pharma_Sim.P1_Reactor2_Temperature","x":600,"y":220,"wires":[]},{"id":"b48522a94ade16df","type":"Datahub Subscribe","z":"4a95b3464c474366","name":"Reactor2 Temp","natc":"83a9830baa92222e","topicname":"devicehub.alias.Pharma_Sim.P1_Reactor2_Temperature","x":120,"y":300,"wires":[["436965c5b9e2e820"]]},{"id":"6141e364a932e750","type":"json","z":"4a95b3464c474366","name":"","property":"payload","action":"","pretty":false,"x":430,"y":180,"wires":[["d8467d06bb33a323"]]},{"id":"cccfceca453ae7e0","type":"inject","z":"4a95b3464c474366","name":"","props":[{"p":"payload"}],"repeat":"5","crontab":"","once":true,"onceDelay":"05","topic":"","payload":"{}","payloadType":"str","x":800,"y":60,"wires":[["4bed9314e4967405"]]},{"id":"29b090ba7189de3e","type":"debug","z":"4a95b3464c474366","name":"debug 25","active":false,"tosidebar":true,"console":false,"tostatus":false,"complete":"payload","targetType":"msg","statusVal":"","statusType":"auto","x":1300,"y":100,"wires":[]},{"id":"632bfb8711a976c9","type":"function","z":"4a95b3464c474366","name":"Ramp Generator","func":"let topic = msg.topic || \"devicehub.alias.Pharma_Sim.P1_ProductName\";\nlet out1 = '{\"value\":25}';\nlet current = flow.get(topic) || 0;\nlet step = 10;\nlet max = 30;\n\ncurrent += step;\nif (current \u003e max) {\n    current = 10;\n}\n\nflow.set(topic, current);\nmsg.payload = {\"value\" : current };\nreturn msg;","outputs":1,"timeout":0,"noerr":0,"initialize":"","finalize":"","libs":[],"x":1110,"y":60,"wires":[["29b090ba7189de3e","dc0aa2df5f74f41f"]]},{"id":"4bed9314e4967405","type":"change","z":"4a95b3464c474366","name":"Set topic","rules":[{"t":"set","p":"topic","pt":"msg","to":"devicehub.write.Pharma_Sim.P1_ProductName","tot":"str"}],"action":"","property":"","from":"","to":"","reg":false,"x":920,"y":60,"wires":[["632bfb8711a976c9"]]},{"id":"7a737d983d8058e7","type":"Datahub Publish","z":"4a95b3464c474366","name":"P1_ProductName","natc":"83a9830baa92222e","topicname":"devicehub.write.Pharma_Sim.P1_ProductName","x":1330,"y":60,"wires":[]},{"id":"dc0aa2df5f74f41f","type":"json","z":"4a95b3464c474366","name":"","property":"payload","action":"","pretty":false,"x":1150,"y":20,"wires":[["7a737d983d8058e7"]]},{"id":"dde01dfbd436eab9","type":"inject","z":"4a95b3464c474366","name":"","props":[{"p":"payload"}],"repeat":"5","crontab":"","once":true,"onceDelay":"05","topic":"","payload":"{}","payloadType":"str","x":790,"y":159.9999942779541,"wires":[["61fdeeea87b1d33b"]]},{"id":"3af37c0f46d4da47","type":"debug","z":"4a95b3464c474366","name":"debug 26","active":false,"tosidebar":true,"console":false,"tostatus":false,"complete":"payload","targetType":"msg","statusVal":"","statusType":"auto","x":1290,"y":199.9999942779541,"wires":[]},{"id":"b05aa56c0905ad09","type":"function","z":"4a95b3464c474366","name":"Ramp Generator","func":"let topic = msg.topic || \"devicehub.alias.Pharma_Sim.P1_CurrentStage\";\nlet out1 = '{\"value\":25}';\nlet current = flow.get(topic) || 0;\nlet step = 10;\nlet max = 30;\n\ncurrent += step;\nif (current \u003e max) {\n    current = 10;\n}\n\nflow.set(topic, current);\nmsg.payload = {\"value\" : current };\nreturn msg;","outputs":1,"timeout":0,"noerr":0,"initialize":"","finalize":"","libs":[],"x":1100,"y":159.9999942779541,"wires":[["3af37c0f46d4da47","7274748ef3dab493"]]},{"id":"61fdeeea87b1d33b","type":"change","z":"4a95b3464c474366","name":"Set topic","rules":[{"t":"set","p":"topic","pt":"msg","to":"devicehub.write.Pharma_Sim.P1_CurrentStage","tot":"str"}],"action":"","property":"","from":"","to":"","reg":false,"x":910,"y":159.9999942779541,"wires":[["b05aa56c0905ad09"]]},{"id":"197f166f8b441870","type":"Datahub Publish","z":"4a95b3464c474366","name":"P1_CurrentStage","natc":"83a9830baa92222e","topicname":"devicehub.write.Pharma_Sim.P1_CurrentStage","x":1320,"y":159.9999942779541,"wires":[]},{"id":"7274748ef3dab493","type":"json","z":"4a95b3464c474366","name":"","property":"payload","action":"","pretty":false,"x":1140,"y":119.9999942779541,"wires":[["197f166f8b441870"]]},{"id":"1a4e94b342c761aa","type":"inject","z":"4a95b3464c474366","name":"","props":[{"p":"payload"}],"repeat":"5","crontab":"","once":true,"onceDelay":"05","topic":"","payload":"{}","payloadType":"str","x":780,"y":260,"wires":[["feb921d1b21e122f"]]},{"id":"feb921d1b21e122f","type":"change","z":"4a95b3464c474366","name":"Set topic","rules":[{"t":"set","p":"topic","pt":"msg","to":"devicehub.write.Pharma_Sim.P1_Reactor1_Pressure","tot":"str"}],"action":"","property":"","from":"","to":"","reg":false,"x":900,"y":260,"wires":[["bebb111a3120908c"]]},{"id":"bebb111a3120908c","type":"function","z":"4a95b3464c474366","name":"Ramp Generator","func":"let topic = msg.topic || \"devicehub.alias.Pharma_Sim.P1_Reactor1_Pressure\";\nlet out1 = '{\"value\":25}';\nlet current = flow.get(topic) || 0;\nlet step = 3;\nlet max = 120;\n\ncurrent += step;\nif (current \u003e max) {\n    current = 70;\n}\n\nflow.set(topic, current);\nmsg.payload = {\"value\" : current };\nreturn msg;","outputs":1,"timeout":0,"noerr":0,"initialize":"","finalize":"","libs":[],"x":1090,"y":260,"wires":[["2f48f71576f745c9","324010a43f6217ab"]]},{"id":"2f48f71576f745c9","type":"debug","z":"4a95b3464c474366","name":"debug 27","active":false,"tosidebar":true,"console":false,"tostatus":false,"complete":"payload","targetType":"msg","statusVal":"","statusType":"auto","x":1280,"y":300,"wires":[]},{"id":"324010a43f6217ab","type":"json","z":"4a95b3464c474366","name":"","property":"payload","action":"","pretty":false,"x":1130,"y":220,"wires":[["6a98878d69043ff4"]]},{"id":"6a98878d69043ff4","type":"Datahub Publish","z":"4a95b3464c474366","name":"P1_Reactor1_Pressure","natc":"83a9830baa92222e","topicname":"ddevicehub.write.Pharma_Sim.P1_Reactor1_Pressure","x":1330,"y":260,"wires":[]},{"id":"71347b736df439f1","type":"debug","z":"4a95b3464c474366","name":"debug 28","active":false,"tosidebar":true,"console":false,"tostatus":false,"complete":"payload","targetType":"msg","statusVal":"","statusType":"auto","x":1260,"y":400,"wires":[]},{"id":"fdd3d2cd3b616532","type":"function","z":"4a95b3464c474366","name":"Ramp Generator","func":"let topic = msg.topic || \"devicehub.alias.Pharma_Sim.P1_Reactor2_Pressure\";\nlet out1 = '{\"value\":25}';\nlet current = flow.get(topic) || 0;\nlet step = 5;\nlet max = 100;\n\ncurrent += step;\nif (current \u003e max) {\n    current = 70;\n}\n\nflow.set(topic, current);\nmsg.payload = {\"value\" : current };\nreturn msg;","outputs":1,"timeout":0,"noerr":0,"initialize":"","finalize":"","libs":[],"x":1070,"y":360,"wires":[["71347b736df439f1","fd333e61cda7ca7a"]]},{"id":"ea64f02017445f9c","type":"change","z":"4a95b3464c474366","name":"Set topic","rules":[{"t":"set","p":"topic","pt":"msg","to":"devicehub.write.Pharma_Sim.P1_Reactor2_Pressure","tot":"str"}],"action":"","property":"","from":"","to":"","reg":false,"x":880,"y":360,"wires":[["fdd3d2cd3b616532"]]},{"id":"fd333e61cda7ca7a","type":"json","z":"4a95b3464c474366","name":"","property":"payload","action":"","pretty":false,"x":1110,"y":320,"wires":[["cd309ed864bbfc52"]]},{"id":"c317ae356886043c","type":"inject","z":"4a95b3464c474366","name":"","props":[{"p":"payload"}],"repeat":"5","crontab":"","once":true,"onceDelay":"05","topic":"","payload":"{}","payloadType":"str","x":760,"y":360,"wires":[["ea64f02017445f9c"]]},{"id":"cd309ed864bbfc52","type":"Datahub Publish","z":"4a95b3464c474366","name":"P1_Reactor2_Pressure","natc":"83a9830baa92222e","topicname":"ddevicehub.write.Pharma_Sim.P1_Reactor2_Pressure","x":1310,"y":360,"wires":[]},{"id":"1f03e14b9184d1b5","type":"debug","z":"4a95b3464c474366","name":"debug 29","active":false,"tosidebar":true,"console":false,"tostatus":false,"complete":"payload","targetType":"msg","statusVal":"","statusType":"auto","x":1260,"y":500,"wires":[]},{"id":"ab7c08ec56a1b66d","type":"function","z":"4a95b3464c474366","name":"Ramp Generator","func":"let topic = msg.topic || \"devicehub.alias.Pharma_Sim.P1_ActualYield\";\nlet out1 = '{\"value\":25}';\nlet current = flow.get(topic) || 0;\nlet step = 5;\nlet max = 90;\n\ncurrent += step;\nif (current \u003e max) {\n    current = 50;\n}\n\nflow.set(topic, current);\nmsg.payload = {\"value\" : current };\nreturn msg;","outputs":1,"timeout":0,"noerr":0,"initialize":"","finalize":"","libs":[],"x":1070,"y":460,"wires":[["1f03e14b9184d1b5","016d14f4dc6e8682"]]},{"id":"5a46172cfed9ef65","type":"change","z":"4a95b3464c474366","name":"Set topic","rules":[{"t":"set","p":"topic","pt":"msg","to":"devicehub.write.Pharma_Sim.P1_ActualYield","tot":"str"}],"action":"","property":"","from":"","to":"","reg":false,"x":880,"y":460,"wires":[["ab7c08ec56a1b66d"]]},{"id":"016d14f4dc6e8682","type":"json","z":"4a95b3464c474366","name":"","property":"payload","action":"","pretty":false,"x":1110,"y":420,"wires":[["086c6c45366e9333"]]},{"id":"319d3f01ac05695d","type":"inject","z":"4a95b3464c474366","name":"","props":[{"p":"payload"}],"repeat":"5","crontab":"","once":true,"onceDelay":"05","topic":"","payload":"{}","payloadType":"str","x":760,"y":460,"wires":[["5a46172cfed9ef65","4375fa827299e5dc"]]},{"id":"086c6c45366e9333","type":"Datahub Publish","z":"4a95b3464c474366","name":"P1_ActualYield","natc":"83a9830baa92222e","topicname":"devicehub.write.Pharma_Sim.P1_ActualYield","x":1280,"y":460,"wires":[]},{"id":"93828eb55ad81a7e","type":"debug","z":"4a95b3464c474366","name":"debug 30","active":false,"tosidebar":true,"console":false,"tostatus":false,"complete":"payload","targetType":"msg","statusVal":"","statusType":"auto","x":1260,"y":540,"wires":[]},{"id":"63eb947f2db54743","type":"debug","z":"4a95b3464c474366","name":"debug 31","active":false,"tosidebar":true,"console":false,"tostatus":false,"complete":"payload","targetType":"msg","statusVal":"","statusType":"auto","x":1260,"y":640,"wires":[]},{"id":"3c013d5dc19fad3e","type":"function","z":"4a95b3464c474366","name":"Ramp Generator","func":"let topic = msg.topic || \"devicehub.alias.Pharma_Sim.P1_ProjectYeild\";\nlet out1 = '{\"value\":25}';\nlet current = flow.get(topic) || 0;\nlet step = 6;\nlet max = 90;\n\ncurrent += step;\nif (current \u003e max) {\n    current = 52;\n}\n\nflow.set(topic, current);\nmsg.payload = {\"value\" : current };\nreturn msg;","outputs":1,"timeout":0,"noerr":0,"initialize":"","finalize":"","libs":[],"x":1070,"y":600,"wires":[["63eb947f2db54743","9b1e2cc9159e8143"]]},{"id":"4375fa827299e5dc","type":"change","z":"4a95b3464c474366","name":"Set topic","rules":[{"t":"set","p":"topic","pt":"msg","to":"devicehub.write.Pharma_Sim.P1_ProjectYeild","tot":"str"}],"action":"","property":"","from":"","to":"","reg":false,"x":880,"y":600,"wires":[["3c013d5dc19fad3e"]]},{"id":"9b1e2cc9159e8143","type":"json","z":"4a95b3464c474366","name":"","property":"payload","action":"","pretty":false,"x":1110,"y":560,"wires":[["5ece074d63c2312c"]]},{"id":"5ece074d63c2312c","type":"Datahub Publish","z":"4a95b3464c474366","name":"P1_ProjectYield","natc":"83a9830baa92222e","topicname":"devicehub.write.Pharma_Sim.P1_ProjectYeild","x":1280,"y":600,"wires":[]},{"id":"18332dd21cc9b259","type":"debug","z":"e3e2148d5207be7c","name":"debug 32","active":false,"tosidebar":true,"console":false,"tostatus":false,"complete":"payload","targetType":"msg","statusVal":"","statusType":"auto","x":580,"y":80,"wires":[]},{"id":"78a5eb17927b8a8c","type":"function","z":"e3e2148d5207be7c","name":"Ramp Generator","func":"let topic = msg.topic || \"devicehub.alias.IMPDemo_UNS.AssetA_Kwh\";\nlet out1 = '{\"value\":25}';\nlet current = flow.get(topic) || 0;\nlet step = 5;\nlet max = 9000;\n\ncurrent += step;\nif (current \u003e max) {\n    current = 50;\n}\n\nflow.set(topic, current);\nmsg.payload = {\"value\" : current };\nreturn msg;","outputs":1,"timeout":0,"noerr":0,"initialize":"","finalize":"","libs":[],"x":370,"y":80,"wires":[["18332dd21cc9b259","f3864b3a62250df1"]]},{"id":"1612b3c26e56d0b4","type":"change","z":"e3e2148d5207be7c","name":"Set topic","rules":[{"t":"set","p":"topic","pt":"msg","to":"devicehub.write.IMPDemo_UNS.AssetA_Kwh","tot":"str"}],"action":"","property":"","from":"","to":"","reg":false,"x":160,"y":80,"wires":[["78a5eb17927b8a8c"]]},{"id":"3546950bf4d257d2","type":"inject","z":"e3e2148d5207be7c","name":"","props":[{"p":"payload"}],"repeat":"5","crontab":"","once":true,"onceDelay":"05","topic":"","payload":"{}","payloadType":"str","x":40,"y":60,"wires":[["1612b3c26e56d0b4","32f033456d5766f1","044e3f13764bab2b"]]},{"id":"8537ec20e81e3a0d","type":"Datahub Publish","z":"e3e2148d5207be7c","name":"AssetA_KWH","natc":"83a9830baa92222e","topicname":"devicehub.write.IMPDemo_UNS.AssetA_Kwh","x":600,"y":20,"wires":[]},{"id":"83eba981bf74599d","type":"debug","z":"e3e2148d5207be7c","name":"debug 34","active":false,"tosidebar":true,"console":false,"tostatus":false,"complete":"payload","targetType":"msg","statusVal":"","statusType":"auto","x":540,"y":200,"wires":[]},{"id":"abbe82ae1c569e66","type":"function","z":"e3e2148d5207be7c","name":"Ramp Generator","func":"let topic = msg.topic || \"devicehub.alias.IMPDemo_UNS.ProcessID\";\nlet out1 = '{\"value\":25}';\nlet current = flow.get(topic) || 0;\nlet step = 10;\nlet max = 40;\n\ncurrent += step;\nif (current \u003e max) {\n    current = 10;\n}\n\nflow.set(topic, current);\nmsg.payload = {\"value\" : current };\nreturn msg;","outputs":1,"timeout":0,"noerr":0,"initialize":"","finalize":"","libs":[],"x":350,"y":160,"wires":[["83eba981bf74599d","b0758f5060430441"]]},{"id":"32f033456d5766f1","type":"change","z":"e3e2148d5207be7c","name":"Set topic","rules":[{"t":"set","p":"topic","pt":"msg","to":"devicehub.write.IMPDemo_UNS.ProcessID","tot":"str"}],"action":"","property":"","from":"","to":"","reg":false,"x":160,"y":160,"wires":[["abbe82ae1c569e66"]]},{"id":"b0758f5060430441","type":"json","z":"e3e2148d5207be7c","name":"","property":"payload","action":"","pretty":false,"x":390,"y":120,"wires":[["d51feb727e95c3f9"]]},{"id":"d51feb727e95c3f9","type":"Datahub Publish","z":"e3e2148d5207be7c","name":"UNS_PRocessID","natc":"83a9830baa92222e","topicname":"devicehub.write.IMPDemo_UNS.ProcessID","x":570,"y":160,"wires":[]},{"id":"f3864b3a62250df1","type":"json","z":"e3e2148d5207be7c","name":"","property":"payload","action":"","pretty":false,"x":430,"y":20,"wires":[["8537ec20e81e3a0d"]]},{"id":"9d5f24cad17419a1","type":"debug","z":"e3e2148d5207be7c","name":"debug 35","active":false,"tosidebar":true,"console":false,"tostatus":false,"complete":"payload","targetType":"msg","statusVal":"","statusType":"auto","x":520,"y":300,"wires":[]},{"id":"5f1d7778ba52aab1","type":"function","z":"e3e2148d5207be7c","name":"RandomValue","func":"let topic = msg.topic || \"devicehub.alias.IMPDemo_UNS.AssetA_Status\";\nlet out1 = '{\"value\":25}';\nlet current = flow.get(topic) || 0;\n//let step = 1;\n//let max = 5;\n\n//current += step;\n//if (current \u003e max) {\n//    current = 1;\n//}\n\n//flow.set(topic, current);\n//msg.payload = {\"value\" : current };\n\n// Define min and max (can be hardcoded or taken from msg/min/flow/context)\nlet min = 1;\nlet max = 5;\n\n// Generate a random number between min and max\nlet randomValue = Math.floor(Math.random() * (max - min + 1)) + min;\ncurrent = randomValue\n// Set the random value in msg.payload\n//msg.payload = randomValue;\nflow.set(topic, current);\nmsg.payload = { \"value\": current };\n// Return the modified message\nreturn msg;\n\n","outputs":1,"timeout":0,"noerr":0,"initialize":"","finalize":"","libs":[],"x":320,"y":260,"wires":[["9d5f24cad17419a1","c72a79f2f3c1b310"]]},{"id":"044e3f13764bab2b","type":"change","z":"e3e2148d5207be7c","name":"Set topic","rules":[{"t":"set","p":"topic","pt":"msg","to":"devicehub.write.IMPDemo_UNS.AssetA_Status","tot":"str"}],"action":"","property":"","from":"","to":"","reg":false,"x":140,"y":260,"wires":[["5f1d7778ba52aab1"]]},{"id":"c72a79f2f3c1b310","type":"json","z":"e3e2148d5207be7c","name":"","property":"payload","action":"","pretty":false,"x":370,"y":220,"wires":[["8ceba19957ef55b5"]]},{"id":"8ceba19957ef55b5","type":"Datahub Publish","z":"e3e2148d5207be7c","name":"UNS_AssetA_Status","natc":"83a9830baa92222e","topicname":"devicehub.write.IMPDemo_UNS.AssetA_Status","x":560,"y":260,"wires":[]},{"id":"5e5d1553eff2d024","type":"Datahub Subscribe","z":"78057b79d90c63d8","name":"Availability","natc":"83a9830baa92222e","topicname":"devicehub.alias.PlantA_Engine.Line1_Availability","x":280,"y":140,"wires":[["0cbc7ab3c3baafde","c452b73dc2828446","186da27919530425"]]},{"id":"0cbc7ab3c3baafde","type":"ui_gauge","z":"78057b79d90c63d8","name":"","group":"65a95203d5965d02","order":0,"width":0,"height":0,"gtype":"gage","title":"Availability","label":"units","format":"{{value}}","min":0,"max":10,"colors":["#00b500","#e6e600","#ca3838"],"seg1":"","seg2":"","diff":true,"className":"","x":610,"y":140,"wires":[]},{"id":"c452b73dc2828446","type":"debug","z":"78057b79d90c63d8","name":"debug 36","active":true,"tosidebar":true,"console":false,"tostatus":false,"complete":"false","statusVal":"","statusType":"auto","x":620,"y":200,"wires":[]},{"id":"4fd23d0423165996","type":"inject","z":"78057b79d90c63d8","name":"","props":[{"p":"payload"}],"repeat":"5","crontab":"","once":true,"onceDelay":"05","topic":"","payload":"{}","payloadType":"str","x":140,"y":80,"wires":[[]]},{"id":"186da27919530425","type":"ui_chart","z":"78057b79d90c63d8","name":"","group":"65a95203d5965d02","order":1,"width":0,"height":0,"label":"chart","chartType":"line","legend":"false","xformat":"HH:mm:ss","interpolate":"linear","nodata":"","dot":false,"ymin":"0","ymax":"100","removeOlder":1,"removeOlderPoints":"","removeOlderUnit":"3600","cutout":0,"useOneColor":false,"useUTC":false,"colors":["#1f77b4","#aec7e8","#ff7f0e","#2ca02c","#98df8a","#d62728","#ff9896","#9467bd","#c5b0d5"],"outputs":1,"useDifferentColor":false,"className":"","x":590,"y":80,"wires":[[]]},{"id":"b4742e20d2204d50","type":"inject","z":"78057b79d90c63d8","name":"","props":[{"p":"payload"}],"repeat":"5","crontab":"","once":true,"onceDelay":"05","topic":"","payload":"{}","payloadType":"str","x":120,"y":280,"wires":[["aebab80a35e0b31e"]]},{"id":"478815bd03f3d992","type":"debug","z":"78057b79d90c63d8","name":"debug 37","active":false,"tosidebar":true,"console":false,"tostatus":false,"complete":"payload","targetType":"msg","statusVal":"","statusType":"auto","x":620,"y":320,"wires":[]},{"id":"15cfe7b71e9f59d2","type":"function","z":"78057b79d90c63d8","name":"Ramp Generator","func":"let topic = msg.topic || \"devicehub.alias.PlantA_Engine.Line1_Availability\";\nlet out1 = '{\"value\":25}';\nlet current = flow.get(topic) || 0;\nlet step = 1;\nlet max = 100;\n\ncurrent += step;\nif (current \u003e max) {\n    current = 25;\n}\n\nflow.set(topic, current);\nmsg.payload = {\"value\" : current };\nreturn msg;","outputs":1,"timeout":0,"noerr":0,"initialize":"","finalize":"","libs":[],"x":430,"y":280,"wires":[["478815bd03f3d992","9218feca3e13c588"]]},{"id":"aebab80a35e0b31e","type":"change","z":"78057b79d90c63d8","name":"Set topic","rules":[{"t":"set","p":"topic","pt":"msg","to":"devicehub.write.PlantA_Engine.Line1_Availability","tot":"str"}],"action":"","property":"","from":"","to":"","reg":false,"x":240,"y":280,"wires":[["15cfe7b71e9f59d2"]]},{"id":"b2ff559ee0cb7bf5","type":"Datahub Publish","z":"78057b79d90c63d8","name":"Line1 Availability","natc":"5497e640fcfdd118","topicname":"devicehub.write.PlantA_Engine.Line1_Availability","x":800,"y":280,"wires":[]},{"id":"9218feca3e13c588","type":"json","z":"78057b79d90c63d8","name":"","property":"payload","action":"","pretty":false,"x":630,"y":280,"wires":[["31fe5273dc428c2c","b2ff559ee0cb7bf5"]]},{"id":"31fe5273dc428c2c","type":"debug","z":"78057b79d90c63d8","name":"debug 38","active":false,"tosidebar":true,"console":false,"tostatus":false,"complete":"payload","targetType":"msg","statusVal":"","statusType":"auto","x":800,"y":360,"wires":[]},{"id":"c77786167ce527a3","type":"Datahub Subscribe","z":"78057b79d90c63d8","name":"quality","natc":"83a9830baa92222e","topicname":"devicehub.alias.PlantA_Engine.Line1_Quality","x":1190,"y":140,"wires":[["ac9eb7b312d0b340"]]},{"id":"ac9eb7b312d0b340","type":"debug","z":"78057b79d90c63d8","name":"debug 39","active":false,"tosidebar":true,"console":false,"tostatus":false,"complete":"false","statusVal":"","statusType":"auto","x":1400,"y":160,"wires":[]}]
